2026-08-08 01:30	HS-GPU	SC_k120_s3	cat	2023	2024	3	1189	577.04	868.87	--model cat --feat-v2 --te p,pc,ph,b,pi --te-dev --feat-std --std-k 80 --std-to-prior --std-season-prior --feat-domain --feat-skill-pc --lr 0.01 --es 500 --depth 8 --l2 10 --refit-mult 1.5 --drop-f-pre 2022 --val-season 2023 --test-season 2024 --seeds 3,4,5,6,8,13 --std-k 120 --tag SC_k120
2026-08-08 01:33	HS-GPU	SC_k120_s4	cat	2023	2024	4	943	575.79	877.85	--model cat --feat-v2 --te p,pc,ph,b,pi --te-dev --feat-std --std-k 80 --std-to-prior --std-season-prior --feat-domain --feat-skill-pc --lr 0.01 --es 500 --depth 8 --l2 10 --refit-mult 1.5 --drop-f-pre 2022 --val-season 2023 --test-season 2024 --seeds 3,4,5,6,8,13 --std-k 120 --tag SC_k120
2026-08-08 01:34	DESKTOP-BT7ML7I	SK_k10_s3	cat	2023	2024	3	858	570.38	871.11	--model cat --feat-v2 --te p,pc,ph,b,pi --te-dev --feat-std --std-to-prior --std-season-prior --feat-domain --feat-skill-pc --lr 0.01 --es 500 --depth 8 --l2 10 --refit-mult 1.5 --drop-f-pre 2022 --val-season 2023 --test-season 2024 --seeds 3,4,5,6,8,13 --std-k 10 --tag SK_k10
2026-08-08 01:35	DESKTOP-BT7ML7I	SK_k10_s4	cat	2023	2024	4	582	589.92	866.84	--model cat --feat-v2 --te p,pc,ph,b,pi --te-dev --feat-std --std-to-prior --std-season-prior --feat-domain --feat-skill-pc --lr 0.01 --es 500 --depth 8 --l2 10 --refit-mult 1.5 --drop-f-pre 2022 --val-season 2023 --test-season 2024 --seeds 3,4,5,6,8,13 --std-k 10 --tag SK_k10
2026-08-08 01:35	HS-GPU	SC_k120_s5	cat	2023	2024	5	821	579.27	869.44	--model cat --feat-v2 --te p,pc,ph,b,pi --te-dev --feat-std --std-k 80 --std-to-prior --std-season-prior --feat-domain --feat-skill-pc --lr 0.01 --es 500 --depth 8 --l2 10 --refit-mult 1.5 --drop-f-pre 2022 --val-season 2023 --test-season 2024 --seeds 3,4,5,6,8,13 --std-k 120 --tag SC_k120
2026-08-08 01:37	DESKTOP-BT7ML7I	SK_k10_s5	cat	2023	2024	5	709	590.64	863.53	--model cat --feat-v2 --te p,pc,ph,b,pi --te-dev --feat-std --std-to-prior --std-season-prior --feat-domain --feat-skill-pc --lr 0.01 --es 500 --depth 8 --l2 10 --refit-mult 1.5 --drop-f-pre 2022 --val-season 2023 --test-season 2024 --seeds 3,4,5,6,8,13 --std-k 10 --tag SK_k10
2026-08-08 01:37	HS-GPU	SC_k120_s6	cat	2023	2024	6	639	572.13	860.60	--model cat --feat-v2 --te p,pc,ph,b,pi --te-dev --feat-std --std-k 80 --std-to-prior --std-season-prior --feat-domain --feat-skill-pc --lr 0.01 --es 500 --depth 8 --l2 10 --refit-mult 1.5 --drop-f-pre 2022 --val-season 2023 --test-season 2024 --seeds 3,4,5,6,8,13 --std-k 120 --tag SC_k120
2026-08-08 01:38	DESKTOP-BT7ML7I	SK_k10_s6	cat	2023	2024	6	583	577.19	869.68	--model cat --feat-v2 --te p,pc,ph,b,pi --te-dev --feat-std --std-to-prior --std-season-prior --feat-domain --feat-skill-pc --lr 0.01 --es 500 --depth 8 --l2 10 --refit-mult 1.5 --drop-f-pre 2022 --val-season 2023 --test-season 2024 --seeds 3,4,5,6,8,13 --std-k 10 --tag SK_k10
2026-08-08 01:39	HS-GPU	SC_k120_s8	cat	2023	2024	8	955	589.12	875.41	--model cat --feat-v2 --te p,pc,ph,b,pi --te-dev --feat-std --std-k 80 --std-to-prior --std-season-prior --feat-domain --feat-skill-pc --lr 0.01 --es 500 --depth 8 --l2 10 --refit-mult 1.5 --drop-f-pre 2022 --val-season 2023 --test-season 2024 --seeds 3,4,5,6,8,13 --std-k 120 --tag SC_k120
2026-08-08 01:40	DESKTOP-BT7ML7I	SK_k10_s8	cat	2023	2024	8	948	588.54	880.06	--model cat --feat-v2 --te p,pc,ph,b,pi --te-dev --feat-std --std-to-prior --std-season-prior --feat-domain --feat-skill-pc --lr 0.01 --es 500 --depth 8 --l2 10 --refit-mult 1.5 --drop-f-pre 2022 --val-season 2023 --test-season 2024 --seeds 3,4,5,6,8,13 --std-k 10 --tag SK_k10
2026-08-08 01:41	HS-GPU	SC_k120_s13	cat	2023	2024	13	714	564.68	857.47	--model cat --feat-v2 --te p,pc,ph,b,pi --te-dev --feat-std --std-k 80 --std-to-prior --std-season-prior --feat-domain --feat-skill-pc --lr 0.01 --es 500 --depth 8 --l2 10 --refit-mult 1.5 --drop-f-pre 2022 --val-season 2023 --test-season 2024 --seeds 3,4,5,6,8,13 --std-k 120 --tag SC_k120
2026-08-08 01:42	DESKTOP-BT7ML7I	SK_k10_s13	cat	2023	2024	13	661	593.97	864.20	--model cat --feat-v2 --te p,pc,ph,b,pi --te-dev --feat-std --std-to-prior --std-season-prior --feat-domain --feat-skill-pc --lr 0.01 --es 500 --depth 8 --l2 10 --refit-mult 1.5 --drop-f-pre 2022 --val-season 2023 --test-season 2024 --seeds 3,4,5,6,8,13 --std-k 10 --tag SK_k10
2026-08-08 01:43	DESKTOP-BT7ML7I	SK_k20_s3	cat	2023	2024	3	569	566.47	864.98	--model cat --feat-v2 --te p,pc,ph,b,pi --te-dev --feat-std --std-to-prior --std-season-prior --feat-domain --feat-skill-pc --lr 0.01 --es 500 --depth 8 --l2 10 --refit-mult 1.5 --drop-f-pre 2022 --val-season 2023 --test-season 2024 --seeds 3,4,5,6,8,13 --std-k 20 --tag SK_k20
2026-08-08 01:45	DESKTOP-BT7ML7I	SK_k20_s4	cat	2023	2024	4	900	592.59	878.62	--model cat --feat-v2 --te p,pc,ph,b,pi --te-dev --feat-std --std-to-prior --std-season-prior --feat-domain --feat-skill-pc --lr 0.01 --es 500 --depth 8 --l2 10 --refit-mult 1.5 --drop-f-pre 2022 --val-season 2023 --test-season 2024 --seeds 3,4,5,6,8,13 --std-k 20 --tag SK_k20
2026-08-08 01:45	HS-GPU	SC_tek100_s3	cat	2023	2024	3	1078	574.09	875.85	--model cat --feat-v2 --te p,pc,ph,b,pi --te-dev --feat-std --std-k 80 --std-to-prior --std-season-prior --feat-domain --feat-skill-pc --lr 0.01 --es 500 --depth 8 --l2 10 --refit-mult 1.5 --drop-f-pre 2022 --val-season 2023 --test-season 2024 --seeds 3,4,5,6,8,13 --te-k 100 --tag SC_tek100
2026-08-08 01:47	DESKTOP-BT7ML7I	SK_k20_s5	cat	2023	2024	5	701	587.58	868.48	--model cat --feat-v2 --te p,pc,ph,b,pi --te-dev --feat-std --std-to-prior --std-season-prior --feat-domain --feat-skill-pc --lr 0.01 --es 500 --depth 8 --l2 10 --refit-mult 1.5 --drop-f-pre 2022 --val-season 2023 --test-season 2024 --seeds 3,4,5,6,8,13 --std-k 20 --tag SK_k20
2026-08-08 01:47	HS-GPU	SC_tek100_s4	cat	2023	2024	4	941	586.14	882.06	--model cat --feat-v2 --te p,pc,ph,b,pi --te-dev --feat-std --std-k 80 --std-to-prior --std-season-prior --feat-domain --feat-skill-pc --lr 0.01 --es 500 --depth 8 --l2 10 --refit-mult 1.5 --drop-f-pre 2022 --val-season 2023 --test-season 2024 --seeds 3,4,5,6,8,13 --te-k 100 --tag SC_tek100
2026-08-08 01:49	DESKTOP-BT7ML7I	SK_k20_s6	cat	2023	2024	6	700	582.46	872.56	--model cat --feat-v2 --te p,pc,ph,b,pi --te-dev --feat-std --std-to-prior --std-season-prior --feat-domain --feat-skill-pc --lr 0.01 --es 500 --depth 8 --l2 10 --refit-mult 1.5 --drop-f-pre 2022 --val-season 2023 --test-season 2024 --seeds 3,4,5,6,8,13 --std-k 20 --tag SK_k20
2026-08-08 01:50	DESKTOP-BT7ML7I	SK_k20_s8	cat	2023	2024	8	611	590.73	872.19	--model cat --feat-v2 --te p,pc,ph,b,pi --te-dev --feat-std --std-to-prior --std-season-prior --feat-domain --feat-skill-pc --lr 0.01 --es 500 --depth 8 --l2 10 --refit-mult 1.5 --drop-f-pre 2022 --val-season 2023 --test-season 2024 --seeds 3,4,5,6,8,13 --std-k 20 --tag SK_k20
2026-08-08 01:50	HS-GPU	SC_tek100_s5	cat	2023	2024	5	995	584.89	882.58	--model cat --feat-v2 --te p,pc,ph,b,pi --te-dev --feat-std --std-k 80 --std-to-prior --std-season-prior --feat-domain --feat-skill-pc --lr 0.01 --es 500 --depth 8 --l2 10 --refit-mult 1.5 --drop-f-pre 2022 --val-season 2023 --test-season 2024 --seeds 3,4,5,6,8,13 --te-k 100 --tag SC_tek100
2026-08-08 01:52	DESKTOP-BT7ML7I	SK_k20_s13	cat	2023	2024	13	582	588.65	863.42	--model cat --feat-v2 --te p,pc,ph,b,pi --te-dev --feat-std --std-to-prior --std-season-prior --feat-domain --feat-skill-pc --lr 0.01 --es 500 --depth 8 --l2 10 --refit-mult 1.5 --drop-f-pre 2022 --val-season 2023 --test-season 2024 --seeds 3,4,5,6,8,13 --std-k 20 --tag SK_k20
2026-08-08 01:53	DESKTOP-BT7ML7I	SK_k30_s3	cat	2023	2024	3	570	575.44	868.22	--model cat --feat-v2 --te p,pc,ph,b,pi --te-dev --feat-std --std-to-prior --std-season-prior --feat-domain --feat-skill-pc --lr 0.01 --es 500 --depth 8 --l2 10 --refit-mult 1.5 --drop-f-pre 2022 --val-season 2023 --test-season 2024 --seeds 3,4,5,6,8,13 --std-k 30 --tag SK_k30
2026-08-08 01:53	HS-GPU	SC_tek100_s6	cat	2023	2024	6	908	576.61	884.24	--model cat --feat-v2 --te p,pc,ph,b,pi --te-dev --feat-std --std-k 80 --std-to-prior --std-season-prior --feat-domain --feat-skill-pc --lr 0.01 --es 500 --depth 8 --l2 10 --refit-mult 1.5 --drop-f-pre 2022 --val-season 2023 --test-season 2024 --seeds 3,4,5,6,8,13 --te-k 100 --tag SC_tek100
2026-08-08 01:55	DESKTOP-BT7ML7I	SK_k30_s4	cat	2023	2024	4	787	584.69	873.83	--model cat --feat-v2 --te p,pc,ph,b,pi --te-dev --feat-std --std-to-prior --std-season-prior --feat-domain --feat-skill-pc --lr 0.01 --es 500 --depth 8 --l2 10 --refit-mult 1.5 --drop-f-pre 2022 --val-season 2023 --test-season 2024 --seeds 3,4,5,6,8,13 --std-k 30 --tag SK_k30
2026-08-08 01:55	HS-GPU	SC_tek100_s8	cat	2023	2024	8	635	581.10	876.04	--model cat --feat-v2 --te p,pc,ph,b,pi --te-dev --feat-std --std-k 80 --std-to-prior --std-season-prior --feat-domain --feat-skill-pc --lr 0.01 --es 500 --depth 8 --l2 10 --refit-mult 1.5 --drop-f-pre 2022 --val-season 2023 --test-season 2024 --seeds 3,4,5,6,8,13 --te-k 100 --tag SC_tek100
2026-08-08 01:57	DESKTOP-BT7ML7I	SK_k30_s5	cat	2023	2024	5	651	588.09	857.50	--model cat --feat-v2 --te p,pc,ph,b,pi --te-dev --feat-std --std-to-prior --std-season-prior --feat-domain --feat-skill-pc --lr 0.01 --es 500 --depth 8 --l2 10 --refit-mult 1.5 --drop-f-pre 2022 --val-season 2023 --test-season 2024 --seeds 3,4,5,6,8,13 --std-k 30 --tag SK_k30
2026-08-08 01:57	HS-GPU	SC_tek100_s13	cat	2023	2024	13	1068	583.32	863.50	--model cat --feat-v2 --te p,pc,ph,b,pi --te-dev --feat-std --std-k 80 --std-to-prior --std-season-prior --feat-domain --feat-skill-pc --lr 0.01 --es 500 --depth 8 --l2 10 --refit-mult 1.5 --drop-f-pre 2022 --val-season 2023 --test-season 2024 --seeds 3,4,5,6,8,13 --te-k 100 --tag SC_tek100
2026-08-08 01:58	DESKTOP-BT7ML7I	SK_k30_s6	cat	2023	2024	6	703	595.78	865.94	--model cat --feat-v2 --te p,pc,ph,b,pi --te-dev --feat-std --std-to-prior --std-season-prior --feat-domain --feat-skill-pc --lr 0.01 --es 500 --depth 8 --l2 10 --refit-mult 1.5 --drop-f-pre 2022 --val-season 2023 --test-season 2024 --seeds 3,4,5,6,8,13 --std-k 30 --tag SK_k30
2026-08-08 02:00	DESKTOP-BT7ML7I	SK_k30_s8	cat	2023	2024	8	790	605.30	864.09	--model cat --feat-v2 --te p,pc,ph,b,pi --te-dev --feat-std --std-to-prior --std-season-prior --feat-domain --feat-skill-pc --lr 0.01 --es 500 --depth 8 --l2 10 --refit-mult 1.5 --drop-f-pre 2022 --val-season 2023 --test-season 2024 --seeds 3,4,5,6,8,13 --std-k 30 --tag SK_k30
2026-08-08 02:01	HS-GPU	SC_d7_s3	cat	2023	2024	3	1768	573.94	870.20	--model cat --feat-v2 --te p,pc,ph,b,pi --te-dev --feat-std --std-k 80 --std-to-prior --std-season-prior --feat-domain --feat-skill-pc --lr 0.01 --es 500 --depth 8 --l2 10 --refit-mult 1.5 --drop-f-pre 2022 --val-season 2023 --test-season 2024 --seeds 3,4,5,6,8,13 --depth 7 --tag SC_d7
2026-08-08 02:02	DESKTOP-BT7ML7I	SK_k30_s13	cat	2023	2024	13	676	588.07	866.74	--model cat --feat-v2 --te p,pc,ph,b,pi --te-dev --feat-std --std-to-prior --std-season-prior --feat-domain --feat-skill-pc --lr 0.01 --es 500 --depth 8 --l2 10 --refit-mult 1.5 --drop-f-pre 2022 --val-season 2023 --test-season 2024 --seeds 3,4,5,6,8,13 --std-k 30 --tag SK_k30
2026-08-08 02:03	HS-GPU	SC_d7_s4	cat	2023	2024	4	788	593.07	877.94	--model cat --feat-v2 --te p,pc,ph,b,pi --te-dev --feat-std --std-k 80 --std-to-prior --std-season-prior --feat-domain --feat-skill-pc --lr 0.01 --es 500 --depth 8 --l2 10 --refit-mult 1.5 --drop-f-pre 2022 --val-season 2023 --test-season 2024 --seeds 3,4,5,6,8,13 --depth 7 --tag SC_d7
2026-08-08 02:04	DESKTOP-BT7ML7I	SK_k60_s3	cat	2023	2024	3	660	581.94	865.05	--model cat --feat-v2 --te p,pc,ph,b,pi --te-dev --feat-std --std-to-prior --std-season-prior --feat-domain --feat-skill-pc --lr 0.01 --es 500 --depth 8 --l2 10 --refit-mult 1.5 --drop-f-pre 2022 --val-season 2023 --test-season 2024 --seeds 3,4,5,6,8,13 --std-k 60 --tag SK_k60
2026-08-08 02:05	DESKTOP-BT7ML7I	SK_k60_s4	cat	2023	2024	4	795	586.40	872.29	--model cat --feat-v2 --te p,pc,ph,b,pi --te-dev --feat-std --std-to-prior --std-season-prior --feat-domain --feat-skill-pc --lr 0.01 --es 500 --depth 8 --l2 10 --refit-mult 1.5 --drop-f-pre 2022 --val-season 2023 --test-season 2024 --seeds 3,4,5,6,8,13 --std-k 60 --tag SK_k60
2026-08-08 02:05	HS-GPU	SC_d7_s5	cat	2023	2024	5	872	582.02	876.19	--model cat --feat-v2 --te p,pc,ph,b,pi --te-dev --feat-std --std-k 80 --std-to-prior --std-season-prior --feat-domain --feat-skill-pc --lr 0.01 --es 500 --depth 8 --l2 10 --refit-mult 1.5 --drop-f-pre 2022 --val-season 2023 --test-season 2024 --seeds 3,4,5,6,8,13 --depth 7 --tag SC_d7
2026-08-08 02:07	DESKTOP-BT7ML7I	SK_k60_s5	cat	2023	2024	5	695	591.94	864.58	--model cat --feat-v2 --te p,pc,ph,b,pi --te-dev --feat-std --std-to-prior --std-season-prior --feat-domain --feat-skill-pc --lr 0.01 --es 500 --depth 8 --l2 10 --refit-mult 1.5 --drop-f-pre 2022 --val-season 2023 --test-season 2024 --seeds 3,4,5,6,8,13 --std-k 60 --tag SK_k60
2026-08-08 02:07	HS-GPU	SC_d7_s6	cat	2023	2024	6	700	572.02	866.15	--model cat --feat-v2 --te p,pc,ph,b,pi --te-dev --feat-std --std-k 80 --std-to-prior --std-season-prior --feat-domain --feat-skill-pc --lr 0.01 --es 500 --depth 8 --l2 10 --refit-mult 1.5 --drop-f-pre 2022 --val-season 2023 --test-season 2024 --seeds 3,4,5,6,8,13 --depth 7 --tag SC_d7
2026-08-08 02:09	DESKTOP-BT7ML7I	SK_k60_s6	cat	2023	2024	6	818	588.83	876.10	--model cat --feat-v2 --te p,pc,ph,b,pi --te-dev --feat-std --std-to-prior --std-season-prior --feat-domain --feat-skill-pc --lr 0.01 --es 500 --depth 8 --l2 10 --refit-mult 1.5 --drop-f-pre 2022 --val-season 2023 --test-season 2024 --seeds 3,4,5,6,8,13 --std-k 60 --tag SK_k60
2026-08-08 02:09	HS-GPU	SC_d7_s8	cat	2023	2024	8	1119	586.09	890.73	--model cat --feat-v2 --te p,pc,ph,b,pi --te-dev --feat-std --std-k 80 --std-to-prior --std-season-prior --feat-domain --feat-skill-pc --lr 0.01 --es 500 --depth 8 --l2 10 --refit-mult 1.5 --drop-f-pre 2022 --val-season 2023 --test-season 2024 --seeds 3,4,5,6,8,13 --depth 7 --tag SC_d7
2026-08-08 02:11	DESKTOP-BT7ML7I	SK_k60_s8	cat	2023	2024	8	805	600.28	878.13	--model cat --feat-v2 --te p,pc,ph,b,pi --te-dev --feat-std --std-to-prior --std-season-prior --feat-domain --feat-skill-pc --lr 0.01 --es 500 --depth 8 --l2 10 --refit-mult 1.5 --drop-f-pre 2022 --val-season 2023 --test-season 2024 --seeds 3,4,5,6,8,13 --std-k 60 --tag SK_k60
2026-08-08 02:11	HS-GPU	SC_d7_s13	cat	2023	2024	13	754	575.79	868.84	--model cat --feat-v2 --te p,pc,ph,b,pi --te-dev --feat-std --std-k 80 --std-to-prior --std-season-prior --feat-domain --feat-skill-pc --lr 0.01 --es 500 --depth 8 --l2 10 --refit-mult 1.5 --drop-f-pre 2022 --val-season 2023 --test-season 2024 --seeds 3,4,5,6,8,13 --depth 7 --tag SC_d7
2026-08-08 02:12	DESKTOP-BT7ML7I	SK_k60_s13	cat	2023	2024	13	681	595.36	877.65	--model cat --feat-v2 --te p,pc,ph,b,pi --te-dev --feat-std --std-to-prior --std-season-prior --feat-domain --feat-skill-pc --lr 0.01 --es 500 --depth 8 --l2 10 --refit-mult 1.5 --drop-f-pre 2022 --val-season 2023 --test-season 2024 --seeds 3,4,5,6,8,13 --std-k 60 --tag SK_k60
2026-08-08 02:15	HS-GPU	CZ_d4_s3	cat	2023	2024	3	2968	589.39	886.53	--model cat --feat-v2 --te p,pc,ph,b,pi --te-dev --feat-std --std-k 80 --std-to-prior --std-season-prior --feat-domain --feat-skill-pc --lr 0.01 --es 500 --l2 10 --iters 3000 --refit-mult 1.5 --drop-f-pre 2022 --val-season 2023 --test-season 2024 --seeds 3,4,5,6,8,13 --depth 4 --failmode-cells --tag CZ_d4
2026-08-08 02:16	DESKTOP-BT7ML7I	SK_k40_s3	cat	2023	2024	3	932	584.45	871.66	--model cat --feat-v2 --te p,pc,ph,b,pi --te-dev --feat-std --std-to-prior --std-season-prior --feat-domain --feat-skill-pc --lr 0.01 --es 500 --depth 8 --l2 10 --refit-mult 1.5 --drop-f-pre 2022 --val-season 2023 --test-season 2024 --seeds 3,4,5,6,8,13 --std-k 40 --tag SK_k40
2026-08-08 02:17	DESKTOP-BT7ML7I	SK_k40_s4	cat	2023	2024	4	784	598.21	875.50	--model cat --feat-v2 --te p,pc,ph,b,pi --te-dev --feat-std --std-to-prior --std-season-prior --feat-domain --feat-skill-pc --lr 0.01 --es 500 --depth 8 --l2 10 --refit-mult 1.5 --drop-f-pre 2022 --val-season 2023 --test-season 2024 --seeds 3,4,5,6,8,13 --std-k 40 --tag SK_k40
2026-08-08 02:19	DESKTOP-BT7ML7I	SK_k40_s5	cat	2023	2024	5	680	593.68	858.71	--model cat --feat-v2 --te p,pc,ph,b,pi --te-dev --feat-std --std-to-prior --std-season-prior --feat-domain --feat-skill-pc --lr 0.01 --es 500 --depth 8 --l2 10 --refit-mult 1.5 --drop-f-pre 2022 --val-season 2023 --test-season 2024 --seeds 3,4,5,6,8,13 --std-k 40 --tag SK_k40
2026-08-08 02:19	HS-GPU	CZ_d4_s4	cat	2023	2024	4	2999	589.52	894.00	--model cat --feat-v2 --te p,pc,ph,b,pi --te-dev --feat-std --std-k 80 --std-to-prior --std-season-prior --feat-domain --feat-skill-pc --lr 0.01 --es 500 --l2 10 --iters 3000 --refit-mult 1.5 --drop-f-pre 2022 --val-season 2023 --test-season 2024 --seeds 3,4,5,6,8,13 --depth 4 --failmode-cells --tag CZ_d4
2026-08-08 02:21	DESKTOP-BT7ML7I	SK_k40_s6	cat	2023	2024	6	691	581.77	875.53	--model cat --feat-v2 --te p,pc,ph,b,pi --te-dev --feat-std --std-to-prior --std-season-prior --feat-domain --feat-skill-pc --lr 0.01 --es 500 --depth 8 --l2 10 --refit-mult 1.5 --drop-f-pre 2022 --val-season 2023 --test-season 2024 --seeds 3,4,5,6,8,13 --std-k 40 --tag SK_k40
2026-08-08 02:22	DESKTOP-BT7ML7I	SK_k40_s8	cat	2023	2024	8	644	598.73	879.67	--model cat --feat-v2 --te p,pc,ph,b,pi --te-dev --feat-std --std-to-prior --std-season-prior --feat-domain --feat-skill-pc --lr 0.01 --es 500 --depth 8 --l2 10 --refit-mult 1.5 --drop-f-pre 2022 --val-season 2023 --test-season 2024 --seeds 3,4,5,6,8,13 --std-k 40 --tag SK_k40
2026-08-08 02:23	HS-GPU	CZ_d4_s5	cat	2023	2024	5	2999	586.31	892.07	--model cat --feat-v2 --te p,pc,ph,b,pi --te-dev --feat-std --std-k 80 --std-to-prior --std-season-prior --feat-domain --feat-skill-pc --lr 0.01 --es 500 --l2 10 --iters 3000 --refit-mult 1.5 --drop-f-pre 2022 --val-season 2023 --test-season 2024 --seeds 3,4,5,6,8,13 --depth 4 --failmode-cells --tag CZ_d4
2026-08-08 02:24	DESKTOP-BT7ML7I	SK_k40_s13	cat	2023	2024	13	673	591.15	869.17	--model cat --feat-v2 --te p,pc,ph,b,pi --te-dev --feat-std --std-to-prior --std-season-prior --feat-domain --feat-skill-pc --lr 0.01 --es 500 --depth 8 --l2 10 --refit-mult 1.5 --drop-f-pre 2022 --val-season 2023 --test-season 2024 --seeds 3,4,5,6,8,13 --std-k 40 --tag SK_k40
2026-08-08 02:25	DESKTOP-BT7ML7I	TK_b500_s3	cat	2023	2024	3	575	578.32	869.38	--model cat --feat-v2 --te p,pc,ph,b,pi --te-dev --feat-std --std-to-prior --std-season-prior --feat-domain --feat-skill-pc --lr 0.01 --es 500 --depth 8 --l2 10 --refit-mult 1.5 --drop-f-pre 2022 --val-season 2023 --test-season 2024 --seeds 3,4,5,6,8,13 --te-k b:500,*:50 --tag TK_b500
2026-08-08 02:27	DESKTOP-BT7ML7I	TK_b500_s4	cat	2023	2024	4	788	594.56	873.68	--model cat --feat-v2 --te p,pc,ph,b,pi --te-dev --feat-std --std-to-prior --std-season-prior --feat-domain --feat-skill-pc --lr 0.01 --es 500 --depth 8 --l2 10 --refit-mult 1.5 --drop-f-pre 2022 --val-season 2023 --test-season 2024 --seeds 3,4,5,6,8,13 --te-k b:500,*:50 --tag TK_b500
2026-08-08 02:27	HS-GPU	CZ_d4_s6	cat	2023	2024	6	2999	585.96	888.30	--model cat --feat-v2 --te p,pc,ph,b,pi --te-dev --feat-std --std-k 80 --std-to-prior --std-season-prior --feat-domain --feat-skill-pc --lr 0.01 --es 500 --l2 10 --iters 3000 --refit-mult 1.5 --drop-f-pre 2022 --val-season 2023 --test-season 2024 --seeds 3,4,5,6,8,13 --depth 4 --failmode-cells --tag CZ_d4
2026-08-08 02:29	DESKTOP-BT7ML7I	TK_b500_s5	cat	2023	2024	5	886	586.47	858.98	--model cat --feat-v2 --te p,pc,ph,b,pi --te-dev --feat-std --std-to-prior --std-season-prior --feat-domain --feat-skill-pc --lr 0.01 --es 500 --depth 8 --l2 10 --refit-mult 1.5 --drop-f-pre 2022 --val-season 2023 --test-season 2024 --seeds 3,4,5,6,8,13 --te-k b:500,*:50 --tag TK_b500
2026-08-08 02:31	DESKTOP-BT7ML7I	TK_b500_s6	cat	2023	2024	6	700	586.16	868.80	--model cat --feat-v2 --te p,pc,ph,b,pi --te-dev --feat-std --std-to-prior --std-season-prior --feat-domain --feat-skill-pc --lr 0.01 --es 500 --depth 8 --l2 10 --refit-mult 1.5 --drop-f-pre 2022 --val-season 2023 --test-season 2024 --seeds 3,4,5,6,8,13 --te-k b:500,*:50 --tag TK_b500
2026-08-08 02:31	HS-GPU	CZ_d4_s8	cat	2023	2024	8	2998	598.48	890.50	--model cat --feat-v2 --te p,pc,ph,b,pi --te-dev --feat-std --std-k 80 --std-to-prior --std-season-prior --feat-domain --feat-skill-pc --lr 0.01 --es 500 --l2 10 --iters 3000 --refit-mult 1.5 --drop-f-pre 2022 --val-season 2023 --test-season 2024 --seeds 3,4,5,6,8,13 --depth 4 --failmode-cells --tag CZ_d4
2026-08-08 02:33	DESKTOP-BT7ML7I	TK_b500_s8	cat	2023	2024	8	790	604.38	871.14	--model cat --feat-v2 --te p,pc,ph,b,pi --te-dev --feat-std --std-to-prior --std-season-prior --feat-domain --feat-skill-pc --lr 0.01 --es 500 --depth 8 --l2 10 --refit-mult 1.5 --drop-f-pre 2022 --val-season 2023 --test-season 2024 --seeds 3,4,5,6,8,13 --te-k b:500,*:50 --tag TK_b500
2026-08-08 02:34	DESKTOP-BT7ML7I	TK_b500_s13	cat	2023	2024	13	675	587.06	864.15	--model cat --feat-v2 --te p,pc,ph,b,pi --te-dev --feat-std --std-to-prior --std-season-prior --feat-domain --feat-skill-pc --lr 0.01 --es 500 --depth 8 --l2 10 --refit-mult 1.5 --drop-f-pre 2022 --val-season 2023 --test-season 2024 --seeds 3,4,5,6,8,13 --te-k b:500,*:50 --tag TK_b500
2026-08-08 02:35	HS-GPU	CZ_d4_s13	cat	2023	2024	13	2996	585.49	885.84	--model cat --feat-v2 --te p,pc,ph,b,pi --te-dev --feat-std --std-k 80 --std-to-prior --std-season-prior --feat-domain --feat-skill-pc --lr 0.01 --es 500 --l2 10 --iters 3000 --refit-mult 1.5 --drop-f-pre 2022 --val-season 2023 --test-season 2024 --seeds 3,4,5,6,8,13 --depth 4 --failmode-cells --tag CZ_d4
2026-08-08 02:36	DESKTOP-BT7ML7I	TK_rel_s3	cat	2023	2024	3	742	576.58	867.65	--model cat --feat-v2 --te p,pc,ph,b,pi --te-dev --feat-std --std-to-prior --std-season-prior --feat-domain --feat-skill-pc --lr 0.01 --es 500 --depth 8 --l2 10 --refit-mult 1.5 --drop-f-pre 2022 --val-season 2023 --test-season 2024 --seeds 3,4,5,6,8,13 --te-k b:500,pc:110,ph:75,p:90,pi:90 --tag TK_rel
2026-08-08 02:38	DESKTOP-BT7ML7I	TK_rel_s4	cat	2023	2024	4	797	600.26	882.27	--model cat --feat-v2 --te p,pc,ph,b,pi --te-dev --feat-std --std-to-prior --std-season-prior --feat-domain --feat-skill-pc --lr 0.01 --es 500 --depth 8 --l2 10 --refit-mult 1.5 --drop-f-pre 2022 --val-season 2023 --test-season 2024 --seeds 3,4,5,6,8,13 --te-k b:500,pc:110,ph:75,p:90,pi:90 --tag TK_rel
2026-08-08 02:39	DESKTOP-BT7ML7I	TK_rel_s5	cat	2023	2024	5	611	601.18	860.66	--model cat --feat-v2 --te p,pc,ph,b,pi --te-dev --feat-std --std-to-prior --std-season-prior --feat-domain --feat-skill-pc --lr 0.01 --es 500 --depth 8 --l2 10 --refit-mult 1.5 --drop-f-pre 2022 --val-season 2023 --test-season 2024 --seeds 3,4,5,6,8,13 --te-k b:500,pc:110,ph:75,p:90,pi:90 --tag TK_rel
2026-08-08 02:40	HS-GPU	CZ_d6_s3	cat	2023	2024	3	2966	613.60	884.70	--model cat --feat-v2 --te p,pc,ph,b,pi --te-dev --feat-std --std-k 80 --std-to-prior --std-season-prior --feat-domain --feat-skill-pc --lr 0.01 --es 500 --l2 10 --iters 3000 --refit-mult 1.5 --drop-f-pre 2022 --val-season 2023 --test-season 2024 --seeds 3,4,5,6,8,13 --depth 6 --failmode-cells --tag CZ_d6
2026-08-08 02:41	DESKTOP-BT7ML7I	TK_rel_s6	cat	2023	2024	6	623	581.04	865.80	--model cat --feat-v2 --te p,pc,ph,b,pi --te-dev --feat-std --std-to-prior --std-season-prior --feat-domain --feat-skill-pc --lr 0.01 --es 500 --depth 8 --l2 10 --refit-mult 1.5 --drop-f-pre 2022 --val-season 2023 --test-season 2024 --seeds 3,4,5,6,8,13 --te-k b:500,pc:110,ph:75,p:90,pi:90 --tag TK_rel
2026-08-08 02:43	DESKTOP-BT7ML7I	TK_rel_s8	cat	2023	2024	8	698	602.43	870.72	--model cat --feat-v2 --te p,pc,ph,b,pi --te-dev --feat-std --std-to-prior --std-season-prior --feat-domain --feat-skill-pc --lr 0.01 --es 500 --depth 8 --l2 10 --refit-mult 1.5 --drop-f-pre 2022 --val-season 2023 --test-season 2024 --seeds 3,4,5,6,8,13 --te-k b:500,pc:110,ph:75,p:90,pi:90 --tag TK_rel
2026-08-08 02:44	DESKTOP-BT7ML7I	TK_rel_s13	cat	2023	2024	13	691	590.02	869.99	--model cat --feat-v2 --te p,pc,ph,b,pi --te-dev --feat-std --std-to-prior --std-season-prior --feat-domain --feat-skill-pc --lr 0.01 --es 500 --depth 8 --l2 10 --refit-mult 1.5 --drop-f-pre 2022 --val-season 2023 --test-season 2024 --seeds 3,4,5,6,8,13 --te-k b:500,pc:110,ph:75,p:90,pi:90 --tag TK_rel
2026-08-08 02:45	HS-GPU	CZ_d6_s4	cat	2023	2024	4	2999	616.74	891.46	--model cat --feat-v2 --te p,pc,ph,b,pi --te-dev --feat-std --std-k 80 --std-to-prior --std-season-prior --feat-domain --feat-skill-pc --lr 0.01 --es 500 --l2 10 --iters 3000 --refit-mult 1.5 --drop-f-pre 2022 --val-season 2023 --test-season 2024 --seeds 3,4,5,6,8,13 --depth 6 --failmode-cells --tag CZ_d6
2026-08-08 02:51	HS-GPU	CZ_d6_s5	cat	2023	2024	5	2996	615.53	891.46	--model cat --feat-v2 --te p,pc,ph,b,pi --te-dev --feat-std --std-k 80 --std-to-prior --std-season-prior --feat-domain --feat-skill-pc --lr 0.01 --es 500 --l2 10 --iters 3000 --refit-mult 1.5 --drop-f-pre 2022 --val-season 2023 --test-season 2024 --seeds 3,4,5,6,8,13 --depth 6 --failmode-cells --tag CZ_d6
2026-08-08 02:56	HS-GPU	CZ_d6_s6	cat	2023	2024	6	2997	618.90	886.80	--model cat --feat-v2 --te p,pc,ph,b,pi --te-dev --feat-std --std-k 80 --std-to-prior --std-season-prior --feat-domain --feat-skill-pc --lr 0.01 --es 500 --l2 10 --iters 3000 --refit-mult 1.5 --drop-f-pre 2022 --val-season 2023 --test-season 2024 --seeds 3,4,5,6,8,13 --depth 6 --failmode-cells --tag CZ_d6
2026-08-08 03:01	HS-GPU	CZ_d6_s8	cat	2023	2024	8	2997	627.60	891.74	--model cat --feat-v2 --te p,pc,ph,b,pi --te-dev --feat-std --std-k 80 --std-to-prior --std-season-prior --feat-domain --feat-skill-pc --lr 0.01 --es 500 --l2 10 --iters 3000 --refit-mult 1.5 --drop-f-pre 2022 --val-season 2023 --test-season 2024 --seeds 3,4,5,6,8,13 --depth 6 --failmode-cells --tag CZ_d6
2026-08-08 03:06	HS-GPU	CZ_d6_s13	cat	2023	2024	13	2864	618.24	888.29	--model cat --feat-v2 --te p,pc,ph,b,pi --te-dev --feat-std --std-k 80 --std-to-prior --std-season-prior --feat-domain --feat-skill-pc --lr 0.01 --es 500 --l2 10 --iters 3000 --refit-mult 1.5 --drop-f-pre 2022 --val-season 2023 --test-season 2024 --seeds 3,4,5,6,8,13 --depth 6 --failmode-cells --tag CZ_d6
2026-08-08 03:12	HS-GPU	CZ_c16_s3	cat	2023	2024	3	2979	604.35	885.08	--model cat --feat-v2 --te p,pc,ph,b,pi --te-dev --feat-std --std-k 80 --std-to-prior --std-season-prior --feat-domain --feat-skill-pc --lr 0.01 --es 500 --l2 10 --iters 3000 --refit-mult 1.5 --drop-f-pre 2022 --val-season 2023 --test-season 2024 --seeds 3,4,5,6,8,13 --depth 5 --failmode-cells --fm-modes middle,ball,reverse,strike --tag CZ_c16
2026-08-08 03:17	HS-GPU	CZ_c16_s4	cat	2023	2024	4	2998	604.22	883.51	--model cat --feat-v2 --te p,pc,ph,b,pi --te-dev --feat-std --std-k 80 --std-to-prior --std-season-prior --feat-domain --feat-skill-pc --lr 0.01 --es 500 --l2 10 --iters 3000 --refit-mult 1.5 --drop-f-pre 2022 --val-season 2023 --test-season 2024 --seeds 3,4,5,6,8,13 --depth 5 --failmode-cells --fm-modes middle,ball,reverse,strike --tag CZ_c16
2026-08-08 03:23	HS-GPU	CZ_c16_s5	cat	2023	2024	5	2990	598.59	880.80	--model cat --feat-v2 --te p,pc,ph,b,pi --te-dev --feat-std --std-k 80 --std-to-prior --std-season-prior --feat-domain --feat-skill-pc --lr 0.01 --es 500 --l2 10 --iters 3000 --refit-mult 1.5 --drop-f-pre 2022 --val-season 2023 --test-season 2024 --seeds 3,4,5,6,8,13 --depth 5 --failmode-cells --fm-modes middle,ball,reverse,strike --tag CZ_c16
2026-08-08 03:28	HS-GPU	CZ_c16_s6	cat	2023	2024	6	2997	603.36	885.53	--model cat --feat-v2 --te p,pc,ph,b,pi --te-dev --feat-std --std-k 80 --std-to-prior --std-season-prior --feat-domain --feat-skill-pc --lr 0.01 --es 500 --l2 10 --iters 3000 --refit-mult 1.5 --drop-f-pre 2022 --val-season 2023 --test-season 2024 --seeds 3,4,5,6,8,13 --depth 5 --failmode-cells --fm-modes middle,ball,reverse,strike --tag CZ_c16
2026-08-08 03:33	HS-GPU	CZ_c16_s8	cat	2023	2024	8	2978	604.16	883.10	--model cat --feat-v2 --te p,pc,ph,b,pi --te-dev --feat-std --std-k 80 --std-to-prior --std-season-prior --feat-domain --feat-skill-pc --lr 0.01 --es 500 --l2 10 --iters 3000 --refit-mult 1.5 --drop-f-pre 2022 --val-season 2023 --test-season 2024 --seeds 3,4,5,6,8,13 --depth 5 --failmode-cells --fm-modes middle,ball,reverse,strike --tag CZ_c16
2026-08-08 03:38	HS-GPU	CZ_c16_s13	cat	2023	2024	13	2941	595.27	880.92	--model cat --feat-v2 --te p,pc,ph,b,pi --te-dev --feat-std --std-k 80 --std-to-prior --std-season-prior --feat-domain --feat-skill-pc --lr 0.01 --es 500 --l2 10 --iters 3000 --refit-mult 1.5 --drop-f-pre 2022 --val-season 2023 --test-season 2024 --seeds 3,4,5,6,8,13 --depth 5 --failmode-cells --fm-modes middle,ball,reverse,strike --tag CZ_c16
2026-08-08 03:43	HS-GPU	CZ_ml_s3	cat	2023	2024	3	2151	602.87	872.75	--model cat --feat-v2 --te p,pc,ph,b,pi --te-dev --feat-std --std-k 80 --std-to-prior --std-season-prior --feat-domain --feat-skill-pc --lr 0.01 --es 500 --l2 10 --iters 3000 --refit-mult 1.5 --drop-f-pre 2022 --val-season 2023 --test-season 2024 --seeds 3,4,5,6,8,13 --depth 5 --fm-multilabel --tag CZ_ml
2026-08-08 03:47	HS-GPU	CZ_ml_s4	cat	2023	2024	4	2030	607.16	880.63	--model cat --feat-v2 --te p,pc,ph,b,pi --te-dev --feat-std --std-k 80 --std-to-prior --std-season-prior --feat-domain --feat-skill-pc --lr 0.01 --es 500 --l2 10 --iters 3000 --refit-mult 1.5 --drop-f-pre 2022 --val-season 2023 --test-season 2024 --seeds 3,4,5,6,8,13 --depth 5 --fm-multilabel --tag CZ_ml
2026-08-08 03:52	HS-GPU	CZ_ml_s5	cat	2023	2024	5	2261	600.84	874.79	--model cat --feat-v2 --te p,pc,ph,b,pi --te-dev --feat-std --std-k 80 --std-to-prior --std-season-prior --feat-domain --feat-skill-pc --lr 0.01 --es 500 --l2 10 --iters 3000 --refit-mult 1.5 --drop-f-pre 2022 --val-season 2023 --test-season 2024 --seeds 3,4,5,6,8,13 --depth 5 --fm-multilabel --tag CZ_ml
2026-08-08 03:56	HS-GPU	CZ_ml_s6	cat	2023	2024	6	2133	600.18	878.23	--model cat --feat-v2 --te p,pc,ph,b,pi --te-dev --feat-std --std-k 80 --std-to-prior --std-season-prior --feat-domain --feat-skill-pc --lr 0.01 --es 500 --l2 10 --iters 3000 --refit-mult 1.5 --drop-f-pre 2022 --val-season 2023 --test-season 2024 --seeds 3,4,5,6,8,13 --depth 5 --fm-multilabel --tag CZ_ml
2026-08-08 04:01	HS-GPU	CZ_ml_s8	cat	2023	2024	8	2306	607.46	878.37	--model cat --feat-v2 --te p,pc,ph,b,pi --te-dev --feat-std --std-k 80 --std-to-prior --std-season-prior --feat-domain --feat-skill-pc --lr 0.01 --es 500 --l2 10 --iters 3000 --refit-mult 1.5 --drop-f-pre 2022 --val-season 2023 --test-season 2024 --seeds 3,4,5,6,8,13 --depth 5 --fm-multilabel --tag CZ_ml
2026-08-08 04:06	HS-GPU	CZ_ml_s13	cat	2023	2024	13	2681	591.37	874.07	--model cat --feat-v2 --te p,pc,ph,b,pi --te-dev --feat-std --std-k 80 --std-to-prior --std-season-prior --feat-domain --feat-skill-pc --lr 0.01 --es 500 --l2 10 --iters 3000 --refit-mult 1.5 --drop-f-pre 2022 --val-season 2023 --test-season 2024 --seeds 3,4,5,6,8,13 --depth 5 --fm-multilabel --tag CZ_ml
2026-08-08 04:09	HS-GPU	AB_base_s3	cat	2023	2024	3	792	571.89	868.83	--model cat --feat-v2 --te p,pc,ph,b,pi --te-dev --feat-std --std-k 80 --std-to-prior --std-season-prior --feat-domain --feat-skill-pc --lr 0.01 --es 500 --depth 8 --l2 10 --refit-mult 1.5 --drop-f-pre 2022 --val-season 2023 --test-season 2024 --tag AB_base --seeds 3,4,5,6,8,13
2026-08-08 04:12	HS-GPU	AB_base_s4	cat	2023	2024	4	1025	577.91	881.12	--model cat --feat-v2 --te p,pc,ph,b,pi --te-dev --feat-std --std-k 80 --std-to-prior --std-season-prior --feat-domain --feat-skill-pc --lr 0.01 --es 500 --depth 8 --l2 10 --refit-mult 1.5 --drop-f-pre 2022 --val-season 2023 --test-season 2024 --tag AB_base --seeds 3,4,5,6,8,13
2026-08-08 04:14	HS-GPU	AB_base_s5	cat	2023	2024	5	668	582.95	868.82	--model cat --feat-v2 --te p,pc,ph,b,pi --te-dev --feat-std --std-k 80 --std-to-prior --std-season-prior --feat-domain --feat-skill-pc --lr 0.01 --es 500 --depth 8 --l2 10 --refit-mult 1.5 --drop-f-pre 2022 --val-season 2023 --test-season 2024 --tag AB_base --seeds 3,4,5,6,8,13
2026-08-08 04:16	HS-GPU	AB_base_s6	cat	2023	2024	6	842	577.42	876.75	--model cat --feat-v2 --te p,pc,ph,b,pi --te-dev --feat-std --std-k 80 --std-to-prior --std-season-prior --feat-domain --feat-skill-pc --lr 0.01 --es 500 --depth 8 --l2 10 --refit-mult 1.5 --drop-f-pre 2022 --val-season 2023 --test-season 2024 --tag AB_base --seeds 3,4,5,6,8,13
2026-08-08 04:18	HS-GPU	AB_base_s8	cat	2023	2024	8	636	584.13	871.35	--model cat --feat-v2 --te p,pc,ph,b,pi --te-dev --feat-std --std-k 80 --std-to-prior --std-season-prior --feat-domain --feat-skill-pc --lr 0.01 --es 500 --depth 8 --l2 10 --refit-mult 1.5 --drop-f-pre 2022 --val-season 2023 --test-season 2024 --tag AB_base --seeds 3,4,5,6,8,13
2026-08-08 04:20	HS-GPU	AB_base_s13	cat	2023	2024	13	629	570.13	870.92	--model cat --feat-v2 --te p,pc,ph,b,pi --te-dev --feat-std --std-k 80 --std-to-prior --std-season-prior --feat-domain --feat-skill-pc --lr 0.01 --es 500 --depth 8 --l2 10 --refit-mult 1.5 --drop-f-pre 2022 --val-season 2023 --test-season 2024 --tag AB_base --seeds 3,4,5,6,8,13
2026-08-08 04:29	DESKTOP-BT7ML7I	RS1.5_s31	cat	2023	2024	31	806	591.58	869.84	--model cat --feat-v2 --te p,pc,ph,b,pi --te-dev --feat-std --std-k 80 --std-to-prior --std-season-prior --feat-domain --feat-skill-pc --lr 0.01 --es 500 --depth 8 --l2 10 --refit-mult 1.5 --val-season 2023 --test-season 2024 --drop-f-pre 2022 --seeds 31,32,33,34,35,36 --refit-mult 1.5 --tag RS1.5
2026-08-08 04:30	DESKTOP-BT7ML7I	RS1.5_s32	cat	2023	2024	32	577	610.59	867.33	--model cat --feat-v2 --te p,pc,ph,b,pi --te-dev --feat-std --std-k 80 --std-to-prior --std-season-prior --feat-domain --feat-skill-pc --lr 0.01 --es 500 --depth 8 --l2 10 --refit-mult 1.5 --val-season 2023 --test-season 2024 --drop-f-pre 2022 --seeds 31,32,33,34,35,36 --refit-mult 1.5 --tag RS1.5
2026-08-08 04:32	DESKTOP-BT7ML7I	RS1.5_s33	cat	2023	2024	33	708	599.75	871.02	--model cat --feat-v2 --te p,pc,ph,b,pi --te-dev --feat-std --std-k 80 --std-to-prior --std-season-prior --feat-domain --feat-skill-pc --lr 0.01 --es 500 --depth 8 --l2 10 --refit-mult 1.5 --val-season 2023 --test-season 2024 --drop-f-pre 2022 --seeds 31,32,33,34,35,36 --refit-mult 1.5 --tag RS1.5
2026-08-08 04:33	DESKTOP-BT7ML7I	RS1.5_s34	cat	2023	2024	34	672	600.14	868.17	--model cat --feat-v2 --te p,pc,ph,b,pi --te-dev --feat-std --std-k 80 --std-to-prior --std-season-prior --feat-domain --feat-skill-pc --lr 0.01 --es 500 --depth 8 --l2 10 --refit-mult 1.5 --val-season 2023 --test-season 2024 --drop-f-pre 2022 --seeds 31,32,33,34,35,36 --refit-mult 1.5 --tag RS1.5
2026-08-08 04:35	DESKTOP-BT7ML7I	RS1.5_s35	cat	2023	2024	35	626	588.08	864.47	--model cat --feat-v2 --te p,pc,ph,b,pi --te-dev --feat-std --std-k 80 --std-to-prior --std-season-prior --feat-domain --feat-skill-pc --lr 0.01 --es 500 --depth 8 --l2 10 --refit-mult 1.5 --val-season 2023 --test-season 2024 --drop-f-pre 2022 --seeds 31,32,33,34,35,36 --refit-mult 1.5 --tag RS1.5
2026-08-08 04:37	DESKTOP-BT7ML7I	RS1.5_s36	cat	2023	2024	36	764	593.61	866.06	--model cat --feat-v2 --te p,pc,ph,b,pi --te-dev --feat-std --std-k 80 --std-to-prior --std-season-prior --feat-domain --feat-skill-pc --lr 0.01 --es 500 --depth 8 --l2 10 --refit-mult 1.5 --val-season 2023 --test-season 2024 --drop-f-pre 2022 --seeds 31,32,33,34,35,36 --refit-mult 1.5 --tag RS1.5
2026-08-08 04:39	DESKTOP-BT7ML7I	RS2.0_s31	cat	2023	2024	31	806	591.66	866.31	--model cat --feat-v2 --te p,pc,ph,b,pi --te-dev --feat-std --std-k 80 --std-to-prior --std-season-prior --feat-domain --feat-skill-pc --lr 0.01 --es 500 --depth 8 --l2 10 --refit-mult 1.5 --val-season 2023 --test-season 2024 --drop-f-pre 2022 --seeds 31,32,33,34,35,36 --refit-mult 2.0 --tag RS2.0
2026-08-08 04:41	DESKTOP-BT7ML7I	RS2.0_s32	cat	2023	2024	32	577	610.62	869.17	--model cat --feat-v2 --te p,pc,ph,b,pi --te-dev --feat-std --std-k 80 --std-to-prior --std-season-prior --feat-domain --feat-skill-pc --lr 0.01 --es 500 --depth 8 --l2 10 --refit-mult 1.5 --val-season 2023 --test-season 2024 --drop-f-pre 2022 --seeds 31,32,33,34,35,36 --refit-mult 2.0 --tag RS2.0
2026-08-08 04:41	HS-GPU	FX_str_s3	cat	2023	2024	3	2999	575.78	873.05	--model cat --feat-v2 --te p,pc,ph,b,pi --te-dev --feat-std --std-k 80 --std-to-prior --std-season-prior --feat-domain --feat-skill-pc --lr 0.01 --es 500 --depth 5 --l2 10 --iters 3000 --refit-mult 1.5 --drop-f-pre 2022 --failmode-cells --val-season 2023 --test-season 2024 --seeds 3,4,5,6,8,13 --fm-context strikes_before --fm-min-share 0.002 --tag FX_str
2026-08-08 04:42	DESKTOP-BT7ML7I	RS2.0_s33	cat	2023	2024	33	683	598.55	873.01	--model cat --feat-v2 --te p,pc,ph,b,pi --te-dev --feat-std --std-k 80 --std-to-prior --std-season-prior --feat-domain --feat-skill-pc --lr 0.01 --es 500 --depth 8 --l2 10 --refit-mult 1.5 --val-season 2023 --test-season 2024 --drop-f-pre 2022 --seeds 31,32,33,34,35,36 --refit-mult 2.0 --tag RS2.0
2026-08-08 04:44	DESKTOP-BT7ML7I	RS2.0_s34	cat	2023	2024	34	672	600.14	873.33	--model cat --feat-v2 --te p,pc,ph,b,pi --te-dev --feat-std --std-k 80 --std-to-prior --std-season-prior --feat-domain --feat-skill-pc --lr 0.01 --es 500 --depth 8 --l2 10 --refit-mult 1.5 --val-season 2023 --test-season 2024 --drop-f-pre 2022 --seeds 31,32,33,34,35,36 --refit-mult 2.0 --tag RS2.0
2026-08-08 04:46	DESKTOP-BT7ML7I	RS2.0_s35	cat	2023	2024	35	624	588.13	868.51	--model cat --feat-v2 --te p,pc,ph,b,pi --te-dev --feat-std --std-k 80 --std-to-prior --std-season-prior --feat-domain --feat-skill-pc --lr 0.01 --es 500 --depth 8 --l2 10 --refit-mult 1.5 --val-season 2023 --test-season 2024 --drop-f-pre 2022 --seeds 31,32,33,34,35,36 --refit-mult 2.0 --tag RS2.0
2026-08-08 04:48	DESKTOP-BT7ML7I	RS2.0_s36	cat	2023	2024	36	896	595.10	860.92	--model cat --feat-v2 --te p,pc,ph,b,pi --te-dev --feat-std --std-k 80 --std-to-prior --std-season-prior --feat-domain --feat-skill-pc --lr 0.01 --es 500 --depth 8 --l2 10 --refit-mult 1.5 --val-season 2023 --test-season 2024 --drop-f-pre 2022 --seeds 31,32,33,34,35,36 --refit-mult 2.0 --tag RS2.0
2026-08-08 04:52	HS-GPU	FX_str_s4	cat	2023	2024	4	2999	578.36	874.14	--model cat --feat-v2 --te p,pc,ph,b,pi --te-dev --feat-std --std-k 80 --std-to-prior --std-season-prior --feat-domain --feat-skill-pc --lr 0.01 --es 500 --depth 5 --l2 10 --iters 3000 --refit-mult 1.5 --drop-f-pre 2022 --failmode-cells --val-season 2023 --test-season 2024 --seeds 3,4,5,6,8,13 --fm-context strikes_before --fm-min-share 0.002 --tag FX_str
2026-08-08 04:56	DESKTOP-BT7ML7I	ZD5_s6	cat	2024		6	2999	919.95	nan	--model cat --feat-v2 --te p,pc,ph,b,pi --te-dev --feat-std --std-k 80 --std-to-prior --std-season-prior --feat-domain --feat-skill-pc --lr 0.01 --es 500 --l2 10 --refit-mult 1.5 --depth 5 --iters 3000 --failmode-cells --tag ZD5 --seeds 6,8
2026-08-08 05:03	DESKTOP-BT7ML7I	ZD5_s8	cat	2024		8	2988	919.44	nan	--model cat --feat-v2 --te p,pc,ph,b,pi --te-dev --feat-std --std-k 80 --std-to-prior --std-season-prior --feat-domain --feat-skill-pc --lr 0.01 --es 500 --l2 10 --refit-mult 1.5 --depth 5 --iters 3000 --failmode-cells --tag ZD5 --seeds 6,8
2026-08-08 05:04	HS-GPU	FX_str_s5	cat	2023	2024	5	2998	570.56	866.80	--model cat --feat-v2 --te p,pc,ph,b,pi --te-dev --feat-std --std-k 80 --std-to-prior --std-season-prior --feat-domain --feat-skill-pc --lr 0.01 --es 500 --depth 5 --l2 10 --iters 3000 --refit-mult 1.5 --drop-f-pre 2022 --failmode-cells --val-season 2023 --test-season 2024 --seeds 3,4,5,6,8,13 --fm-context strikes_before --fm-min-share 0.002 --tag FX_str
2026-08-08 05:05	DESKTOP-BT7ML7I	TQ_k100_s3	cat	2023	2024	3	702	588.25	858.51	--model cat --feat-v2 --te p,pc,ph,b,pi --te-dev --feat-std --std-k 80 --std-to-prior --std-season-prior --feat-domain --feat-skill-pc --lr 0.01 --es 500 --l2 10 --refit-mult 1.5 --val-season 2023 --test-season 2024 --drop-f-pre 2022 --depth 8 --te-k 100 --tag TQ_k100 --seeds 3,4,5,6,8,13
2026-08-08 05:06	DESKTOP-BT7ML7I	TQ_k100_s4	cat	2023	2024	4	773	590.76	869.10	--model cat --feat-v2 --te p,pc,ph,b,pi --te-dev --feat-std --std-k 80 --std-to-prior --std-season-prior --feat-domain --feat-skill-pc --lr 0.01 --es 500 --l2 10 --refit-mult 1.5 --val-season 2023 --test-season 2024 --drop-f-pre 2022 --depth 8 --te-k 100 --tag TQ_k100 --seeds 3,4,5,6,8,13
2026-08-08 05:08	DESKTOP-BT7ML7I	TQ_k100_s5	cat	2023	2024	5	864	596.56	855.54	--model cat --feat-v2 --te p,pc,ph,b,pi --te-dev --feat-std --std-k 80 --std-to-prior --std-season-prior --feat-domain --feat-skill-pc --lr 0.01 --es 500 --l2 10 --refit-mult 1.5 --val-season 2023 --test-season 2024 --drop-f-pre 2022 --depth 8 --te-k 100 --tag TQ_k100 --seeds 3,4,5,6,8,13
2026-08-08 05:10	DESKTOP-BT7ML7I	TQ_k100_s6	cat	2023	2024	6	714	589.51	868.14	--model cat --feat-v2 --te p,pc,ph,b,pi --te-dev --feat-std --std-k 80 --std-to-prior --std-season-prior --feat-domain --feat-skill-pc --lr 0.01 --es 500 --l2 10 --refit-mult 1.5 --val-season 2023 --test-season 2024 --drop-f-pre 2022 --depth 8 --te-k 100 --tag TQ_k100 --seeds 3,4,5,6,8,13
2026-08-08 05:12	DESKTOP-BT7ML7I	TQ_k100_s8	cat	2023	2024	8	721	594.21	869.20	--model cat --feat-v2 --te p,pc,ph,b,pi --te-dev --feat-std --std-k 80 --std-to-prior --std-season-prior --feat-domain --feat-skill-pc --lr 0.01 --es 500 --l2 10 --refit-mult 1.5 --val-season 2023 --test-season 2024 --drop-f-pre 2022 --depth 8 --te-k 100 --tag TQ_k100 --seeds 3,4,5,6,8,13
2026-08-08 05:14	DESKTOP-BT7ML7I	TQ_k100_s13	cat	2023	2024	13	858	597.47	865.80	--model cat --feat-v2 --te p,pc,ph,b,pi --te-dev --feat-std --std-k 80 --std-to-prior --std-season-prior --feat-domain --feat-skill-pc --lr 0.01 --es 500 --l2 10 --refit-mult 1.5 --val-season 2023 --test-season 2024 --drop-f-pre 2022 --depth 8 --te-k 100 --tag TQ_k100 --seeds 3,4,5,6,8,13
2026-08-08 05:16	HS-GPU	FX_str_s6	cat	2023	2024	6	2996	572.29	868.50	--model cat --feat-v2 --te p,pc,ph,b,pi --te-dev --feat-std --std-k 80 --std-to-prior --std-season-prior --feat-domain --feat-skill-pc --lr 0.01 --es 500 --depth 5 --l2 10 --iters 3000 --refit-mult 1.5 --drop-f-pre 2022 --failmode-cells --val-season 2023 --test-season 2024 --seeds 3,4,5,6,8,13 --fm-context strikes_before --fm-min-share 0.002 --tag FX_str
2026-08-08 05:27	HS-GPU	FX_str_s8	cat	2023	2024	8	2998	581.24	868.98	--model cat --feat-v2 --te p,pc,ph,b,pi --te-dev --feat-std --std-k 80 --std-to-prior --std-season-prior --feat-domain --feat-skill-pc --lr 0.01 --es 500 --depth 5 --l2 10 --iters 3000 --refit-mult 1.5 --drop-f-pre 2022 --failmode-cells --val-season 2023 --test-season 2024 --seeds 3,4,5,6,8,13 --fm-context strikes_before --fm-min-share 0.002 --tag FX_str
2026-08-08 05:39	HS-GPU	FX_str_s13	cat	2023	2024	13	2999	565.66	869.76	--model cat --feat-v2 --te p,pc,ph,b,pi --te-dev --feat-std --std-k 80 --std-to-prior --std-season-prior --feat-domain --feat-skill-pc --lr 0.01 --es 500 --depth 5 --l2 10 --iters 3000 --refit-mult 1.5 --drop-f-pre 2022 --failmode-cells --val-season 2023 --test-season 2024 --seeds 3,4,5,6,8,13 --fm-context strikes_before --fm-min-share 0.002 --tag FX_str
2026-08-08 06:55	HS-GPU	FX_cnt_s3	cat	2023	2024	3	2996	562.90	800.89	--model cat --feat-v2 --te p,pc,ph,b,pi --te-dev --feat-std --std-k 80 --std-to-prior --std-season-prior --feat-domain --feat-skill-pc --lr 0.01 --es 500 --depth 5 --l2 10 --iters 3000 --refit-mult 1.5 --drop-f-pre 2022 --failmode-cells --val-season 2023 --test-season 2024 --seeds 3,4,5,6,8,13 --fm-context balls_before,strikes_before --fm-min-share 0.001 --tag FX_cnt
2026-08-08 08:12	HS-GPU	FX_cnt_s4	cat	2023	2024	4	2986	557.76	797.31	--model cat --feat-v2 --te p,pc,ph,b,pi --te-dev --feat-std --std-k 80 --std-to-prior --std-season-prior --feat-domain --feat-skill-pc --lr 0.01 --es 500 --depth 5 --l2 10 --iters 3000 --refit-mult 1.5 --drop-f-pre 2022 --failmode-cells --val-season 2023 --test-season 2024 --seeds 3,4,5,6,8,13 --fm-context balls_before,strikes_before --fm-min-share 0.001 --tag FX_cnt
2026-08-08 09:28	HS-GPU	FX_cnt_s5	cat	2023	2024	5	2992	557.23	801.45	--model cat --feat-v2 --te p,pc,ph,b,pi --te-dev --feat-std --std-k 80 --std-to-prior --std-season-prior --feat-domain --feat-skill-pc --lr 0.01 --es 500 --depth 5 --l2 10 --iters 3000 --refit-mult 1.5 --drop-f-pre 2022 --failmode-cells --val-season 2023 --test-season 2024 --seeds 3,4,5,6,8,13 --fm-context balls_before,strikes_before --fm-min-share 0.001 --tag FX_cnt
2026-08-08 10:44	HS-GPU	FX_cnt_s6	cat	2023	2024	6	2999	554.42	802.49	--model cat --feat-v2 --te p,pc,ph,b,pi --te-dev --feat-std --std-k 80 --std-to-prior --std-season-prior --feat-domain --feat-skill-pc --lr 0.01 --es 500 --depth 5 --l2 10 --iters 3000 --refit-mult 1.5 --drop-f-pre 2022 --failmode-cells --val-season 2023 --test-season 2024 --seeds 3,4,5,6,8,13 --fm-context balls_before,strikes_before --fm-min-share 0.001 --tag FX_cnt
2026-08-08 12:00	HS-GPU	FX_cnt_s8	cat	2023	2024	8	2996	558.24	801.44	--model cat --feat-v2 --te p,pc,ph,b,pi --te-dev --feat-std --std-k 80 --std-to-prior --std-season-prior --feat-domain --feat-skill-pc --lr 0.01 --es 500 --depth 5 --l2 10 --iters 3000 --refit-mult 1.5 --drop-f-pre 2022 --failmode-cells --val-season 2023 --test-season 2024 --seeds 3,4,5,6,8,13 --fm-context balls_before,strikes_before --fm-min-share 0.001 --tag FX_cnt
2026-08-08 13:17	HS-GPU	FX_cnt_s13	cat	2023	2024	13	2993	558.82	803.43	--model cat --feat-v2 --te p,pc,ph,b,pi --te-dev --feat-std --std-k 80 --std-to-prior --std-season-prior --feat-domain --feat-skill-pc --lr 0.01 --es 500 --depth 5 --l2 10 --iters 3000 --refit-mult 1.5 --drop-f-pre 2022 --failmode-cells --val-season 2023 --test-season 2024 --seeds 3,4,5,6,8,13 --fm-context balls_before,strikes_before --fm-min-share 0.001 --tag FX_cnt
2026-08-08 14:08	DESKTOP-BT7ML7I	TS_base_s3	cat	2023	2024	3	655	582.85	860.31	--model cat --feat-v2 --te p,pc,ph,b,pi --te-dev --feat-std --std-k 80 --std-to-prior --std-season-prior --feat-domain --feat-skill-pc --lr 0.01 --es 500 --depth 8 --l2 10 --refit-mult 1.5 --drop-f-pre 2022 --val-season 2023 --test-season 2024 --seeds 3,4,5,6,8,13 --tag TS_base
2026-08-08 14:10	DESKTOP-BT7ML7I	TS_base_s4	cat	2023	2024	4	747	594.34	871.85	--model cat --feat-v2 --te p,pc,ph,b,pi --te-dev --feat-std --std-k 80 --std-to-prior --std-season-prior --feat-domain --feat-skill-pc --lr 0.01 --es 500 --depth 8 --l2 10 --refit-mult 1.5 --drop-f-pre 2022 --val-season 2023 --test-season 2024 --seeds 3,4,5,6,8,13 --tag TS_base
2026-08-08 14:12	DESKTOP-BT7ML7I	TS_base_s5	cat	2023	2024	5	839	589.80	871.78	--model cat --feat-v2 --te p,pc,ph,b,pi --te-dev --feat-std --std-k 80 --std-to-prior --std-season-prior --feat-domain --feat-skill-pc --lr 0.01 --es 500 --depth 8 --l2 10 --refit-mult 1.5 --drop-f-pre 2022 --val-season 2023 --test-season 2024 --seeds 3,4,5,6,8,13 --tag TS_base
2026-08-08 14:14	DESKTOP-BT7ML7I	TS_base_s6	cat	2023	2024	6	804	588.80	868.14	--model cat --feat-v2 --te p,pc,ph,b,pi --te-dev --feat-std --std-k 80 --std-to-prior --std-season-prior --feat-domain --feat-skill-pc --lr 0.01 --es 500 --depth 8 --l2 10 --refit-mult 1.5 --drop-f-pre 2022 --val-season 2023 --test-season 2024 --seeds 3,4,5,6,8,13 --tag TS_base
2026-08-08 14:15	DESKTOP-BT7ML7I	TS_base_s8	cat	2023	2024	8	681	597.78	873.08	--model cat --feat-v2 --te p,pc,ph,b,pi --te-dev --feat-std --std-k 80 --std-to-prior --std-season-prior --feat-domain --feat-skill-pc --lr 0.01 --es 500 --depth 8 --l2 10 --refit-mult 1.5 --drop-f-pre 2022 --val-season 2023 --test-season 2024 --seeds 3,4,5,6,8,13 --tag TS_base
2026-08-08 14:17	DESKTOP-BT7ML7I	TS_base_s13	cat	2023	2024	13	713	596.39	865.74	--model cat --feat-v2 --te p,pc,ph,b,pi --te-dev --feat-std --std-k 80 --std-to-prior --std-season-prior --feat-domain --feat-skill-pc --lr 0.01 --es 500 --depth 8 --l2 10 --refit-mult 1.5 --drop-f-pre 2022 --val-season 2023 --test-season 2024 --seeds 3,4,5,6,8,13 --tag TS_base
2026-08-08 14:18	DESKTOP-BT7ML7I	TS_only_s3	cat	2023	2024	3	342	519.55	612.03	--model cat --feat-v2 --te p,pc,ph,b,pi --te-dev --feat-std --std-k 80 --std-to-prior --std-season-prior --feat-domain --feat-skill-pc --lr 0.01 --es 500 --depth 8 --l2 10 --refit-mult 1.5 --drop-f-pre 2022 --val-season 2023 --test-season 2024 --seeds 3,4,5,6,8,13 --row-filter strikes_before==2 --tag TS_only
2026-08-08 14:19	DESKTOP-BT7ML7I	TS_only_s4	cat	2023	2024	4	419	520.41	590.30	--model cat --feat-v2 --te p,pc,ph,b,pi --te-dev --feat-std --std-k 80 --std-to-prior --std-season-prior --feat-domain --feat-skill-pc --lr 0.01 --es 500 --depth 8 --l2 10 --refit-mult 1.5 --drop-f-pre 2022 --val-season 2023 --test-season 2024 --seeds 3,4,5,6,8,13 --row-filter strikes_before==2 --tag TS_only
2026-08-08 14:19	DESKTOP-BT7ML7I	TS_only_s5	cat	2023	2024	5	417	524.38	615.67	--model cat --feat-v2 --te p,pc,ph,b,pi --te-dev --feat-std --std-k 80 --std-to-prior --std-season-prior --feat-domain --feat-skill-pc --lr 0.01 --es 500 --depth 8 --l2 10 --refit-mult 1.5 --drop-f-pre 2022 --val-season 2023 --test-season 2024 --seeds 3,4,5,6,8,13 --row-filter strikes_before==2 --tag TS_only
2026-08-08 14:20	DESKTOP-BT7ML7I	TS_only_s6	cat	2023	2024	6	499	519.18	618.81	--model cat --feat-v2 --te p,pc,ph,b,pi --te-dev --feat-std --std-k 80 --std-to-prior --std-season-prior --feat-domain --feat-skill-pc --lr 0.01 --es 500 --depth 8 --l2 10 --refit-mult 1.5 --drop-f-pre 2022 --val-season 2023 --test-season 2024 --seeds 3,4,5,6,8,13 --row-filter strikes_before==2 --tag TS_only
2026-08-08 14:21	DESKTOP-BT7ML7I	TS_only_s8	cat	2023	2024	8	398	516.73	621.31	--model cat --feat-v2 --te p,pc,ph,b,pi --te-dev --feat-std --std-k 80 --std-to-prior --std-season-prior --feat-domain --feat-skill-pc --lr 0.01 --es 500 --depth 8 --l2 10 --refit-mult 1.5 --drop-f-pre 2022 --val-season 2023 --test-season 2024 --seeds 3,4,5,6,8,13 --row-filter strikes_before==2 --tag TS_only
2026-08-08 14:22	DESKTOP-BT7ML7I	TS_only_s13	cat	2023	2024	13	384	512.87	595.49	--model cat --feat-v2 --te p,pc,ph,b,pi --te-dev --feat-std --std-k 80 --std-to-prior --std-season-prior --feat-domain --feat-skill-pc --lr 0.01 --es 500 --depth 8 --l2 10 --refit-mult 1.5 --drop-f-pre 2022 --val-season 2023 --test-season 2024 --seeds 3,4,5,6,8,13 --row-filter strikes_before==2 --tag TS_only
2026-08-08 14:32	HS-GPU	DS_self_s3	cat	2023	2024	3	2996	799.32	1017.79	--model cat --feat-v2 --te p,pc,ph,b,pi --te-dev --feat-std --std-k 80 --std-to-prior --std-season-prior --feat-domain --feat-skill-pc --lr 0.01 --es 500 --depth 8 --l2 10 --refit-mult 1.5 --drop-f-pre 2022 --val-season 2023 --test-season 2024 --seeds 3,4,5,6,8,13 --soft-target ./out/teacher_T_self.npz --tag DS_self
2026-08-08 14:39	HS-GPU	DS_self_s4	cat	2023	2024	4	2999	806.19	1019.55	--model cat --feat-v2 --te p,pc,ph,b,pi --te-dev --feat-std --std-k 80 --std-to-prior --std-season-prior --feat-domain --feat-skill-pc --lr 0.01 --es 500 --depth 8 --l2 10 --refit-mult 1.5 --drop-f-pre 2022 --val-season 2023 --test-season 2024 --seeds 3,4,5,6,8,13 --soft-target ./out/teacher_T_self.npz --tag DS_self
2026-08-08 14:45	HS-GPU	DS_self_s5	cat	2023	2024	5	2997	804.01	1019.84	--model cat --feat-v2 --te p,pc,ph,b,pi --te-dev --feat-std --std-k 80 --std-to-prior --std-season-prior --feat-domain --feat-skill-pc --lr 0.01 --es 500 --depth 8 --l2 10 --refit-mult 1.5 --drop-f-pre 2022 --val-season 2023 --test-season 2024 --seeds 3,4,5,6,8,13 --soft-target ./out/teacher_T_self.npz --tag DS_self
2026-08-08 14:52	HS-GPU	DS_self_s6	cat	2023	2024	6	2993	802.57	1019.18	--model cat --feat-v2 --te p,pc,ph,b,pi --te-dev --feat-std --std-k 80 --std-to-prior --std-season-prior --feat-domain --feat-skill-pc --lr 0.01 --es 500 --depth 8 --l2 10 --refit-mult 1.5 --drop-f-pre 2022 --val-season 2023 --test-season 2024 --seeds 3,4,5,6,8,13 --soft-target ./out/teacher_T_self.npz --tag DS_self
2026-08-08 14:58	HS-GPU	DS_self_s8	cat	2023	2024	8	2996	804.98	1018.88	--model cat --feat-v2 --te p,pc,ph,b,pi --te-dev --feat-std --std-k 80 --std-to-prior --std-season-prior --feat-domain --feat-skill-pc --lr 0.01 --es 500 --depth 8 --l2 10 --refit-mult 1.5 --drop-f-pre 2022 --val-season 2023 --test-season 2024 --seeds 3,4,5,6,8,13 --soft-target ./out/teacher_T_self.npz --tag DS_self
2026-08-08 15:04	HS-GPU	DS_self_s13	cat	2023	2024	13	2979	801.82	1017.50	--model cat --feat-v2 --te p,pc,ph,b,pi --te-dev --feat-std --std-k 80 --std-to-prior --std-season-prior --feat-domain --feat-skill-pc --lr 0.01 --es 500 --depth 8 --l2 10 --refit-mult 1.5 --drop-f-pre 2022 --val-season 2023 --test-season 2024 --seeds 3,4,5,6,8,13 --soft-target ./out/teacher_T_self.npz --tag DS_self
2026-08-08 15:12	HS-GPU	DS_seq_s3	cat	2023	2024	3	2997	804.79	1016.69	--model cat --feat-v2 --te p,pc,ph,b,pi --te-dev --feat-std --std-k 80 --std-to-prior --std-season-prior --feat-domain --feat-skill-pc --lr 0.01 --es 500 --depth 8 --l2 10 --refit-mult 1.5 --drop-f-pre 2022 --val-season 2023 --test-season 2024 --seeds 3,4,5,6,8,13 --soft-target ./out/teacher_T_seq.npz --tag DS_seq
2026-08-08 15:18	HS-GPU	DS_seq_s4	cat	2023	2024	4	2997	804.14	1017.00	--model cat --feat-v2 --te p,pc,ph,b,pi --te-dev --feat-std --std-k 80 --std-to-prior --std-season-prior --feat-domain --feat-skill-pc --lr 0.01 --es 500 --depth 8 --l2 10 --refit-mult 1.5 --drop-f-pre 2022 --val-season 2023 --test-season 2024 --seeds 3,4,5,6,8,13 --soft-target ./out/teacher_T_seq.npz --tag DS_seq
2026-08-08 15:25	HS-GPU	DS_seq_s5	cat	2023	2024	5	2997	806.47	1017.84	--model cat --feat-v2 --te p,pc,ph,b,pi --te-dev --feat-std --std-k 80 --std-to-prior --std-season-prior --feat-domain --feat-skill-pc --lr 0.01 --es 500 --depth 8 --l2 10 --refit-mult 1.5 --drop-f-pre 2022 --val-season 2023 --test-season 2024 --seeds 3,4,5,6,8,13 --soft-target ./out/teacher_T_seq.npz --tag DS_seq
2026-08-08 15:31	HS-GPU	DS_seq_s6	cat	2023	2024	6	2998	805.20	1017.47	--model cat --feat-v2 --te p,pc,ph,b,pi --te-dev --feat-std --std-k 80 --std-to-prior --std-season-prior --feat-domain --feat-skill-pc --lr 0.01 --es 500 --depth 8 --l2 10 --refit-mult 1.5 --drop-f-pre 2022 --val-season 2023 --test-season 2024 --seeds 3,4,5,6,8,13 --soft-target ./out/teacher_T_seq.npz --tag DS_seq
2026-08-08 15:38	HS-GPU	DS_seq_s8	cat	2023	2024	8	2999	807.46	1018.91	--model cat --feat-v2 --te p,pc,ph,b,pi --te-dev --feat-std --std-k 80 --std-to-prior --std-season-prior --feat-domain --feat-skill-pc --lr 0.01 --es 500 --depth 8 --l2 10 --refit-mult 1.5 --drop-f-pre 2022 --val-season 2023 --test-season 2024 --seeds 3,4,5,6,8,13 --soft-target ./out/teacher_T_seq.npz --tag DS_seq
2026-08-08 15:44	HS-GPU	DS_seq_s13	cat	2023	2024	13	2995	806.38	1017.23	--model cat --feat-v2 --te p,pc,ph,b,pi --te-dev --feat-std --std-k 80 --std-to-prior --std-season-prior --feat-domain --feat-skill-pc --lr 0.01 --es 500 --depth 8 --l2 10 --refit-mult 1.5 --drop-f-pre 2022 --val-season 2023 --test-season 2024 --seeds 3,4,5,6,8,13 --soft-target ./out/teacher_T_seq.npz --tag DS_seq
2026-08-08 17:08	HS-GPU	DT_self_s3	cat	2023	2024	3	2998	788.66	911.42	--model cat --feat-v2 --te p,pc,ph,b,pi --te-dev --feat-std --std-k 80 --std-to-prior --std-season-prior --feat-domain --feat-skill-pc --lr 0.01 --es 500 --depth 8 --l2 10 --refit-mult 1.5 --drop-f-pre 2022 --val-season 2023 --test-season 2024 --seeds 3,4,5,6,8,13 --soft-target ./out/teacher_T2_self.npz --tag DT_self
2026-08-08 17:14	HS-GPU	DT_self_s4	cat	2023	2024	4	2999	791.63	909.55	--model cat --feat-v2 --te p,pc,ph,b,pi --te-dev --feat-std --std-k 80 --std-to-prior --std-season-prior --feat-domain --feat-skill-pc --lr 0.01 --es 500 --depth 8 --l2 10 --refit-mult 1.5 --drop-f-pre 2022 --val-season 2023 --test-season 2024 --seeds 3,4,5,6,8,13 --soft-target ./out/teacher_T2_self.npz --tag DT_self
2026-08-08 17:21	HS-GPU	DT_self_s5	cat	2023	2024	5	2994	791.26	908.63	--model cat --feat-v2 --te p,pc,ph,b,pi --te-dev --feat-std --std-k 80 --std-to-prior --std-season-prior --feat-domain --feat-skill-pc --lr 0.01 --es 500 --depth 8 --l2 10 --refit-mult 1.5 --drop-f-pre 2022 --val-season 2023 --test-season 2024 --seeds 3,4,5,6,8,13 --soft-target ./out/teacher_T2_self.npz --tag DT_self
2026-08-08 17:27	HS-GPU	DT_self_s6	cat	2023	2024	6	2996	792.36	906.76	--model cat --feat-v2 --te p,pc,ph,b,pi --te-dev --feat-std --std-k 80 --std-to-prior --std-season-prior --feat-domain --feat-skill-pc --lr 0.01 --es 500 --depth 8 --l2 10 --refit-mult 1.5 --drop-f-pre 2022 --val-season 2023 --test-season 2024 --seeds 3,4,5,6,8,13 --soft-target ./out/teacher_T2_self.npz --tag DT_self
2026-08-08 17:34	HS-GPU	DT_self_s8	cat	2023	2024	8	2996	792.51	908.10	--model cat --feat-v2 --te p,pc,ph,b,pi --te-dev --feat-std --std-k 80 --std-to-prior --std-season-prior --feat-domain --feat-skill-pc --lr 0.01 --es 500 --depth 8 --l2 10 --refit-mult 1.5 --drop-f-pre 2022 --val-season 2023 --test-season 2024 --seeds 3,4,5,6,8,13 --soft-target ./out/teacher_T2_self.npz --tag DT_self
2026-08-08 17:40	HS-GPU	DT_self_s13	cat	2023	2024	13	2995	788.46	910.50	--model cat --feat-v2 --te p,pc,ph,b,pi --te-dev --feat-std --std-k 80 --std-to-prior --std-season-prior --feat-domain --feat-skill-pc --lr 0.01 --es 500 --depth 8 --l2 10 --refit-mult 1.5 --drop-f-pre 2022 --val-season 2023 --test-season 2024 --seeds 3,4,5,6,8,13 --soft-target ./out/teacher_T2_self.npz --tag DT_self
2026-08-08 17:47	HS-GPU	DT_seq_s3	cat	2023	2024	3	2999	793.04	912.39	--model cat --feat-v2 --te p,pc,ph,b,pi --te-dev --feat-std --std-k 80 --std-to-prior --std-season-prior --feat-domain --feat-skill-pc --lr 0.01 --es 500 --depth 8 --l2 10 --refit-mult 1.5 --drop-f-pre 2022 --val-season 2023 --test-season 2024 --seeds 3,4,5,6,8,13 --soft-target ./out/teacher_T2_seq.npz --tag DT_seq
2026-08-08 17:54	HS-GPU	DT_seq_s4	cat	2023	2024	4	2997	789.94	914.69	--model cat --feat-v2 --te p,pc,ph,b,pi --te-dev --feat-std --std-k 80 --std-to-prior --std-season-prior --feat-domain --feat-skill-pc --lr 0.01 --es 500 --depth 8 --l2 10 --refit-mult 1.5 --drop-f-pre 2022 --val-season 2023 --test-season 2024 --seeds 3,4,5,6,8,13 --soft-target ./out/teacher_T2_seq.npz --tag DT_seq
2026-08-08 18:00	HS-GPU	DT_seq_s5	cat	2023	2024	5	2999	789.15	916.57	--model cat --feat-v2 --te p,pc,ph,b,pi --te-dev --feat-std --std-k 80 --std-to-prior --std-season-prior --feat-domain --feat-skill-pc --lr 0.01 --es 500 --depth 8 --l2 10 --refit-mult 1.5 --drop-f-pre 2022 --val-season 2023 --test-season 2024 --seeds 3,4,5,6,8,13 --soft-target ./out/teacher_T2_seq.npz --tag DT_seq
2026-08-08 18:07	HS-GPU	DT_seq_s6	cat	2023	2024	6	2995	792.02	914.49	--model cat --feat-v2 --te p,pc,ph,b,pi --te-dev --feat-std --std-k 80 --std-to-prior --std-season-prior --feat-domain --feat-skill-pc --lr 0.01 --es 500 --depth 8 --l2 10 --refit-mult 1.5 --drop-f-pre 2022 --val-season 2023 --test-season 2024 --seeds 3,4,5,6,8,13 --soft-target ./out/teacher_T2_seq.npz --tag DT_seq
2026-08-08 18:13	HS-GPU	DT_seq_s8	cat	2023	2024	8	2998	789.47	913.21	--model cat --feat-v2 --te p,pc,ph,b,pi --te-dev --feat-std --std-k 80 --std-to-prior --std-season-prior --feat-domain --feat-skill-pc --lr 0.01 --es 500 --depth 8 --l2 10 --refit-mult 1.5 --drop-f-pre 2022 --val-season 2023 --test-season 2024 --seeds 3,4,5,6,8,13 --soft-target ./out/teacher_T2_seq.npz --tag DT_seq
2026-08-08 18:20	HS-GPU	DT_seq_s13	cat	2023	2024	13	2999	789.24	913.28	--model cat --feat-v2 --te p,pc,ph,b,pi --te-dev --feat-std --std-k 80 --std-to-prior --std-season-prior --feat-domain --feat-skill-pc --lr 0.01 --es 500 --depth 8 --l2 10 --refit-mult 1.5 --drop-f-pre 2022 --val-season 2023 --test-season 2024 --seeds 3,4,5,6,8,13 --soft-target ./out/teacher_T2_seq.npz --tag DT_seq
2026-08-08 18:51	DESKTOP-BT7ML7I	VB_base_s42	cat	2024		42	1126	874.33	nan	--model cat --feat-v2 --te p,pc,ph,b,pi --te-dev --feat-std --std-k 80 --std-to-prior --std-season-prior --feat-domain --feat-skill-pc --lr 0.01 --es 500 --depth 8 --l2 10 --refit-mult 1.5 --drop-f-pre 2022 --val-season 2024 --seeds 42,7,13,3,4,5,6,8 --tag VB_base
2026-08-08 18:53	HS-GPU	DT3_seq_s3	cat	2023	2024	3	2994	791.82	913.21	--model cat --feat-v2 --te p,pc,ph,b,pi --te-dev --feat-std --std-k 80 --std-to-prior --std-season-prior --feat-domain --feat-skill-pc --lr 0.01 --es 500 --depth 8 --l2 10 --refit-mult 1.5 --drop-f-pre 2022 --val-season 2023 --test-season 2024 --seeds 3,4,5,6,8,13 --soft-target ./out/teacher_T3_seq.npz --tag DT3_seq
2026-08-08 18:54	DESKTOP-BT7ML7I	VB_base_s7	cat	2024		7	1365	864.62	nan	--model cat --feat-v2 --te p,pc,ph,b,pi --te-dev --feat-std --std-k 80 --std-to-prior --std-season-prior --feat-domain --feat-skill-pc --lr 0.01 --es 500 --depth 8 --l2 10 --refit-mult 1.5 --drop-f-pre 2022 --val-season 2024 --seeds 42,7,13,3,4,5,6,8 --tag VB_base
2026-08-08 18:57	DESKTOP-BT7ML7I	VB_base_s13	cat	2024		13	1437	873.36	nan	--model cat --feat-v2 --te p,pc,ph,b,pi --te-dev --feat-std --std-k 80 --std-to-prior --std-season-prior --feat-domain --feat-skill-pc --lr 0.01 --es 500 --depth 8 --l2 10 --refit-mult 1.5 --drop-f-pre 2022 --val-season 2024 --seeds 42,7,13,3,4,5,6,8 --tag VB_base
2026-08-08 18:59	HS-GPU	DT3_seq_s4	cat	2023	2024	4	2998	794.70	910.70	--model cat --feat-v2 --te p,pc,ph,b,pi --te-dev --feat-std --std-k 80 --std-to-prior --std-season-prior --feat-domain --feat-skill-pc --lr 0.01 --es 500 --depth 8 --l2 10 --refit-mult 1.5 --drop-f-pre 2022 --val-season 2023 --test-season 2024 --seeds 3,4,5,6,8,13 --soft-target ./out/teacher_T3_seq.npz --tag DT3_seq
2026-08-08 19:01	DESKTOP-BT7ML7I	VB_base_s3	cat	2024		3	1489	866.82	nan	--model cat --feat-v2 --te p,pc,ph,b,pi --te-dev --feat-std --std-k 80 --std-to-prior --std-season-prior --feat-domain --feat-skill-pc --lr 0.01 --es 500 --depth 8 --l2 10 --refit-mult 1.5 --drop-f-pre 2022 --val-season 2024 --seeds 42,7,13,3,4,5,6,8 --tag VB_base
2026-08-08 19:04	DESKTOP-BT7ML7I	VB_base_s4	cat	2024		4	1511	868.32	nan	--model cat --feat-v2 --te p,pc,ph,b,pi --te-dev --feat-std --std-k 80 --std-to-prior --std-season-prior --feat-domain --feat-skill-pc --lr 0.01 --es 500 --depth 8 --l2 10 --refit-mult 1.5 --drop-f-pre 2022 --val-season 2024 --seeds 42,7,13,3,4,5,6,8 --tag VB_base
2026-08-08 19:06	HS-GPU	DT3_seq_s5	cat	2023	2024	5	2999	792.72	913.30	--model cat --feat-v2 --te p,pc,ph,b,pi --te-dev --feat-std --std-k 80 --std-to-prior --std-season-prior --feat-domain --feat-skill-pc --lr 0.01 --es 500 --depth 8 --l2 10 --refit-mult 1.5 --drop-f-pre 2022 --val-season 2023 --test-season 2024 --seeds 3,4,5,6,8,13 --soft-target ./out/teacher_T3_seq.npz --tag DT3_seq
2026-08-08 19:07	DESKTOP-BT7ML7I	VB_base_s5	cat	2024		5	1317	865.38	nan	--model cat --feat-v2 --te p,pc,ph,b,pi --te-dev --feat-std --std-k 80 --std-to-prior --std-season-prior --feat-domain --feat-skill-pc --lr 0.01 --es 500 --depth 8 --l2 10 --refit-mult 1.5 --drop-f-pre 2022 --val-season 2024 --seeds 42,7,13,3,4,5,6,8 --tag VB_base
2026-08-08 19:10	DESKTOP-BT7ML7I	VB_base_s6	cat	2024		6	1427	872.00	nan	--model cat --feat-v2 --te p,pc,ph,b,pi --te-dev --feat-std --std-k 80 --std-to-prior --std-season-prior --feat-domain --feat-skill-pc --lr 0.01 --es 500 --depth 8 --l2 10 --refit-mult 1.5 --drop-f-pre 2022 --val-season 2024 --seeds 42,7,13,3,4,5,6,8 --tag VB_base
2026-08-08 19:12	HS-GPU	DT3_seq_s6	cat	2023	2024	6	2991	792.46	911.76	--model cat --feat-v2 --te p,pc,ph,b,pi --te-dev --feat-std --std-k 80 --std-to-prior --std-season-prior --feat-domain --feat-skill-pc --lr 0.01 --es 500 --depth 8 --l2 10 --refit-mult 1.5 --drop-f-pre 2022 --val-season 2023 --test-season 2024 --seeds 3,4,5,6,8,13 --soft-target ./out/teacher_T3_seq.npz --tag DT3_seq
2026-08-08 19:14	DESKTOP-BT7ML7I	VB_base_s8	cat	2024		8	1422	868.08	nan	--model cat --feat-v2 --te p,pc,ph,b,pi --te-dev --feat-std --std-k 80 --std-to-prior --std-season-prior --feat-domain --feat-skill-pc --lr 0.01 --es 500 --depth 8 --l2 10 --refit-mult 1.5 --drop-f-pre 2022 --val-season 2024 --seeds 42,7,13,3,4,5,6,8 --tag VB_base
2026-08-08 19:18	HS-GPU	DT3_seq_s8	cat	2023	2024	8	2998	798.92	911.58	--model cat --feat-v2 --te p,pc,ph,b,pi --te-dev --feat-std --std-k 80 --std-to-prior --std-season-prior --feat-domain --feat-skill-pc --lr 0.01 --es 500 --depth 8 --l2 10 --refit-mult 1.5 --drop-f-pre 2022 --val-season 2023 --test-season 2024 --seeds 3,4,5,6,8,13 --soft-target ./out/teacher_T3_seq.npz --tag DT3_seq
2026-08-08 19:20	DESKTOP-BT7ML7I	DX_seq_s42	cat	2024		42	2974	910.08	nan	--model cat --feat-v2 --te p,pc,ph,b,pi --te-dev --feat-std --std-k 80 --std-to-prior --std-season-prior --feat-domain --feat-skill-pc --lr 0.01 --es 500 --depth 8 --l2 10 --refit-mult 1.5 --drop-f-pre 2022 --val-season 2024 --seeds 42,7,13,3,4,5,6,8 --soft-target .\out\teacher_T3_seq.npz --tag DX_seq
2026-08-08 19:25	HS-GPU	DT3_seq_s13	cat	2023	2024	13	2999	792.53	914.23	--model cat --feat-v2 --te p,pc,ph,b,pi --te-dev --feat-std --std-k 80 --std-to-prior --std-season-prior --feat-domain --feat-skill-pc --lr 0.01 --es 500 --depth 8 --l2 10 --refit-mult 1.5 --drop-f-pre 2022 --val-season 2023 --test-season 2024 --seeds 3,4,5,6,8,13 --soft-target ./out/teacher_T3_seq.npz --tag DT3_seq
2026-08-08 19:26	DESKTOP-BT7ML7I	DX_seq_s7	cat	2024		7	2995	912.01	nan	--model cat --feat-v2 --te p,pc,ph,b,pi --te-dev --feat-std --std-k 80 --std-to-prior --std-season-prior --feat-domain --feat-skill-pc --lr 0.01 --es 500 --depth 8 --l2 10 --refit-mult 1.5 --drop-f-pre 2022 --val-season 2024 --seeds 42,7,13,3,4,5,6,8 --soft-target .\out\teacher_T3_seq.npz --tag DX_seq
2026-08-08 19:32	DESKTOP-BT7ML7I	DX_seq_s13	cat	2024		13	2998	912.95	nan	--model cat --feat-v2 --te p,pc,ph,b,pi --te-dev --feat-std --std-k 80 --std-to-prior --std-season-prior --feat-domain --feat-skill-pc --lr 0.01 --es 500 --depth 8 --l2 10 --refit-mult 1.5 --drop-f-pre 2022 --val-season 2024 --seeds 42,7,13,3,4,5,6,8 --soft-target .\out\teacher_T3_seq.npz --tag DX_seq
2026-08-08 19:37	DESKTOP-BT7ML7I	DX_seq_s3	cat	2024		3	2983	911.88	nan	--model cat --feat-v2 --te p,pc,ph,b,pi --te-dev --feat-std --std-k 80 --std-to-prior --std-season-prior --feat-domain --feat-skill-pc --lr 0.01 --es 500 --depth 8 --l2 10 --refit-mult 1.5 --drop-f-pre 2022 --val-season 2024 --seeds 42,7,13,3,4,5,6,8 --soft-target .\out\teacher_T3_seq.npz --tag DX_seq
2026-08-08 19:43	DESKTOP-BT7ML7I	DX_seq_s4	cat	2024		4	2997	909.65	nan	--model cat --feat-v2 --te p,pc,ph,b,pi --te-dev --feat-std --std-k 80 --std-to-prior --std-season-prior --feat-domain --feat-skill-pc --lr 0.01 --es 500 --depth 8 --l2 10 --refit-mult 1.5 --drop-f-pre 2022 --val-season 2024 --seeds 42,7,13,3,4,5,6,8 --soft-target .\out\teacher_T3_seq.npz --tag DX_seq
2026-08-08 19:49	DESKTOP-BT7ML7I	DX_seq_s5	cat	2024		5	2977	911.06	nan	--model cat --feat-v2 --te p,pc,ph,b,pi --te-dev --feat-std --std-k 80 --std-to-prior --std-season-prior --feat-domain --feat-skill-pc --lr 0.01 --es 500 --depth 8 --l2 10 --refit-mult 1.5 --drop-f-pre 2022 --val-season 2024 --seeds 42,7,13,3,4,5,6,8 --soft-target .\out\teacher_T3_seq.npz --tag DX_seq
2026-08-08 19:55	DESKTOP-BT7ML7I	DX_seq_s6	cat	2024		6	2887	908.93	nan	--model cat --feat-v2 --te p,pc,ph,b,pi --te-dev --feat-std --std-k 80 --std-to-prior --std-season-prior --feat-domain --feat-skill-pc --lr 0.01 --es 500 --depth 8 --l2 10 --refit-mult 1.5 --drop-f-pre 2022 --val-season 2024 --seeds 42,7,13,3,4,5,6,8 --soft-target .\out\teacher_T3_seq.npz --tag DX_seq
2026-08-08 20:01	DESKTOP-BT7ML7I	DX_seq_s8	cat	2024		8	2999	910.46	nan	--model cat --feat-v2 --te p,pc,ph,b,pi --te-dev --feat-std --std-k 80 --std-to-prior --std-season-prior --feat-domain --feat-skill-pc --lr 0.01 --es 500 --depth 8 --l2 10 --refit-mult 1.5 --drop-f-pre 2022 --val-season 2024 --seeds 42,7,13,3,4,5,6,8 --soft-target .\out\teacher_T3_seq.npz --tag DX_seq
2026-08-08 20:24	HS-GPU	AB2_base_s3	cat	2023	2024	3	12	32.61	124.09	--model cat --feat-v2 --te p,pc,ph,b,pi --te-dev --feat-std --std-k 80 --std-to-prior --std-season-prior --feat-domain --feat-skill-pc --lr 0.01 --es 500 --depth 8 --l2 10 --refit-mult 1.5 --val-season 2023 --test-season 2024 --seeds 3,4,5,6,8,13 --tag AB2_base
2026-08-08 20:24	HS-GPU	AB2_base_s4	cat	2023	2024	4	15	35.42	160.06	--model cat --feat-v2 --te p,pc,ph,b,pi --te-dev --feat-std --std-k 80 --std-to-prior --std-season-prior --feat-domain --feat-skill-pc --lr 0.01 --es 500 --depth 8 --l2 10 --refit-mult 1.5 --val-season 2023 --test-season 2024 --seeds 3,4,5,6,8,13 --tag AB2_base
2026-08-08 20:25	DESKTOP-BT7ML7I	VB2_base_s42	cat	2024		42	1089	911.22	nan	--model cat --feat-v2 --te p,pc,ph,b,pi --te-dev --feat-std --std-k 80 --std-to-prior --std-season-prior --feat-domain --feat-skill-pc --lr 0.01 --es 500 --depth 8 --l2 10 --refit-mult 1.5 --val-season 2024 --seeds 42,7,13,3,4,5,6,8 --tag VB2_base
2026-08-08 20:25	HS-GPU	AB2_base_s5	cat	2023	2024	5	12	35.78	127.63	--model cat --feat-v2 --te p,pc,ph,b,pi --te-dev --feat-std --std-k 80 --std-to-prior --std-season-prior --feat-domain --feat-skill-pc --lr 0.01 --es 500 --depth 8 --l2 10 --refit-mult 1.5 --val-season 2023 --test-season 2024 --seeds 3,4,5,6,8,13 --tag AB2_base
2026-08-08 20:25	HS-GPU	AB2_base_s6	cat	2023	2024	6	21	48.02	232.45	--model cat --feat-v2 --te p,pc,ph,b,pi --te-dev --feat-std --std-k 80 --std-to-prior --std-season-prior --feat-domain --feat-skill-pc --lr 0.01 --es 500 --depth 8 --l2 10 --refit-mult 1.5 --val-season 2023 --test-season 2024 --seeds 3,4,5,6,8,13 --tag AB2_base
2026-08-08 20:26	HS-GPU	AB2_base_s8	cat	2023	2024	8	17	43.63	187.99	--model cat --feat-v2 --te p,pc,ph,b,pi --te-dev --feat-std --std-k 80 --std-to-prior --std-season-prior --feat-domain --feat-skill-pc --lr 0.01 --es 500 --depth 8 --l2 10 --refit-mult 1.5 --val-season 2023 --test-season 2024 --seeds 3,4,5,6,8,13 --tag AB2_base
2026-08-08 20:27	HS-GPU	AB2_base_s13	cat	2023	2024	13	15	40.77	162.85	--model cat --feat-v2 --te p,pc,ph,b,pi --te-dev --feat-std --std-k 80 --std-to-prior --std-season-prior --feat-domain --feat-skill-pc --lr 0.01 --es 500 --depth 8 --l2 10 --refit-mult 1.5 --val-season 2023 --test-season 2024 --seeds 3,4,5,6,8,13 --tag AB2_base
2026-08-08 20:28	HS-GPU	DT4_seq_s3	cat	2023	2024	3	29	105.30	340.18	--model cat --feat-v2 --te p,pc,ph,b,pi --te-dev --feat-std --std-k 80 --std-to-prior --std-season-prior --feat-domain --feat-skill-pc --lr 0.01 --es 500 --depth 8 --l2 10 --refit-mult 1.5 --val-season 2023 --test-season 2024 --seeds 3,4,5,6,8,13 --soft-target ./out/teacher_T3_seq.npz --tag DT4_seq
2026-08-08 20:28	HS-GPU	DT4_seq_s4	cat	2023	2024	4	27	101.52	319.33	--model cat --feat-v2 --te p,pc,ph,b,pi --te-dev --feat-std --std-k 80 --std-to-prior --std-season-prior --feat-domain --feat-skill-pc --lr 0.01 --es 500 --depth 8 --l2 10 --refit-mult 1.5 --val-season 2023 --test-season 2024 --seeds 3,4,5,6,8,13 --soft-target ./out/teacher_T3_seq.npz --tag DT4_seq
2026-08-08 20:29	DESKTOP-BT7ML7I	VB2_base_s7	cat	2024		7	1646	912.12	nan	--model cat --feat-v2 --te p,pc,ph,b,pi --te-dev --feat-std --std-k 80 --std-to-prior --std-season-prior --feat-domain --feat-skill-pc --lr 0.01 --es 500 --depth 8 --l2 10 --refit-mult 1.5 --val-season 2024 --seeds 42,7,13,3,4,5,6,8 --tag VB2_base
2026-08-08 20:29	HS-GPU	DT4_seq_s5	cat	2023	2024	5	29	102.65	340.65	--model cat --feat-v2 --te p,pc,ph,b,pi --te-dev --feat-std --std-k 80 --std-to-prior --std-season-prior --feat-domain --feat-skill-pc --lr 0.01 --es 500 --depth 8 --l2 10 --refit-mult 1.5 --val-season 2023 --test-season 2024 --seeds 3,4,5,6,8,13 --soft-target ./out/teacher_T3_seq.npz --tag DT4_seq
2026-08-08 20:30	HS-GPU	DT4_seq_s6	cat	2023	2024	6	30	100.46	350.77	--model cat --feat-v2 --te p,pc,ph,b,pi --te-dev --feat-std --std-k 80 --std-to-prior --std-season-prior --feat-domain --feat-skill-pc --lr 0.01 --es 500 --depth 8 --l2 10 --refit-mult 1.5 --val-season 2023 --test-season 2024 --seeds 3,4,5,6,8,13 --soft-target ./out/teacher_T3_seq.npz --tag DT4_seq
2026-08-08 20:30	HS-GPU	DT4_seq_s8	cat	2023	2024	8	29	100.54	339.93	--model cat --feat-v2 --te p,pc,ph,b,pi --te-dev --feat-std --std-k 80 --std-to-prior --std-season-prior --feat-domain --feat-skill-pc --lr 0.01 --es 500 --depth 8 --l2 10 --refit-mult 1.5 --val-season 2023 --test-season 2024 --seeds 3,4,5,6,8,13 --soft-target ./out/teacher_T3_seq.npz --tag DT4_seq
2026-08-08 20:31	HS-GPU	DT4_seq_s13	cat	2023	2024	13	30	98.54	352.93	--model cat --feat-v2 --te p,pc,ph,b,pi --te-dev --feat-std --std-k 80 --std-to-prior --std-season-prior --feat-domain --feat-skill-pc --lr 0.01 --es 500 --depth 8 --l2 10 --refit-mult 1.5 --val-season 2023 --test-season 2024 --seeds 3,4,5,6,8,13 --soft-target ./out/teacher_T3_seq.npz --tag DT4_seq
2026-08-08 20:33	DESKTOP-BT7ML7I	VB2_base_s13	cat	2024		13	1394	924.42	nan	--model cat --feat-v2 --te p,pc,ph,b,pi --te-dev --feat-std --std-k 80 --std-to-prior --std-season-prior --feat-domain --feat-skill-pc --lr 0.01 --es 500 --depth 8 --l2 10 --refit-mult 1.5 --val-season 2024 --seeds 42,7,13,3,4,5,6,8 --tag VB2_base
2026-08-08 20:36	DESKTOP-BT7ML7I	VB2_base_s3	cat	2024		3	1151	916.85	nan	--model cat --feat-v2 --te p,pc,ph,b,pi --te-dev --feat-std --std-k 80 --std-to-prior --std-season-prior --feat-domain --feat-skill-pc --lr 0.01 --es 500 --depth 8 --l2 10 --refit-mult 1.5 --val-season 2024 --seeds 42,7,13,3,4,5,6,8 --tag VB2_base
2026-08-08 20:38	DESKTOP-BT7ML7I	VB2_base_s4	cat	2024		4	1190	911.32	nan	--model cat --feat-v2 --te p,pc,ph,b,pi --te-dev --feat-std --std-k 80 --std-to-prior --std-season-prior --feat-domain --feat-skill-pc --lr 0.01 --es 500 --depth 8 --l2 10 --refit-mult 1.5 --val-season 2024 --seeds 42,7,13,3,4,5,6,8 --tag VB2_base
2026-08-08 20:41	DESKTOP-BT7ML7I	VB2_base_s5	cat	2024		5	1104	914.02	nan	--model cat --feat-v2 --te p,pc,ph,b,pi --te-dev --feat-std --std-k 80 --std-to-prior --std-season-prior --feat-domain --feat-skill-pc --lr 0.01 --es 500 --depth 8 --l2 10 --refit-mult 1.5 --val-season 2024 --seeds 42,7,13,3,4,5,6,8 --tag VB2_base
2026-08-08 20:45	DESKTOP-BT7ML7I	VB2_base_s6	cat	2024		6	1336	914.88	nan	--model cat --feat-v2 --te p,pc,ph,b,pi --te-dev --feat-std --std-k 80 --std-to-prior --std-season-prior --feat-domain --feat-skill-pc --lr 0.01 --es 500 --depth 8 --l2 10 --refit-mult 1.5 --val-season 2024 --seeds 42,7,13,3,4,5,6,8 --tag VB2_base
2026-08-08 20:48	DESKTOP-BT7ML7I	VB2_base_s8	cat	2024		8	1189	912.84	nan	--model cat --feat-v2 --te p,pc,ph,b,pi --te-dev --feat-std --std-k 80 --std-to-prior --std-season-prior --feat-domain --feat-skill-pc --lr 0.01 --es 500 --depth 8 --l2 10 --refit-mult 1.5 --val-season 2024 --seeds 42,7,13,3,4,5,6,8 --tag VB2_base
2026-08-08 20:51	HS-GPU	DT5_seq_s3	cat	2023	2024	3	2999	819.95	878.61	--model cat --feat-v2 --te p,pc,ph,b,pi --te-dev --feat-std --std-k 80 --std-to-prior --std-season-prior --feat-domain --feat-skill-pc --lr 0.01 --es 500 --depth 8 --l2 10 --refit-mult 1.5 --drop-f-pre 2022 --val-season 2023 --test-season 2024 --seeds 3,4,5,6,8,13 --soft-target ./out/teacher_T5_seq.npz --tag DT5_seq
2026-08-08 20:54	DESKTOP-BT7ML7I	DX2_seq_s42	cat	2024		42	2900	902.14	nan	--model cat --feat-v2 --te p,pc,ph,b,pi --te-dev --feat-std --std-k 80 --std-to-prior --std-season-prior --feat-domain --feat-skill-pc --lr 0.01 --es 500 --depth 8 --l2 10 --refit-mult 1.5 --val-season 2024 --seeds 42,7,13,3,4,5,6,8 --soft-target .\out\teacher_T3_seq.npz --tag DX2_seq
2026-08-08 20:58	HS-GPU	DT5_seq_s4	cat	2023	2024	4	2999	821.65	879.55	--model cat --feat-v2 --te p,pc,ph,b,pi --te-dev --feat-std --std-k 80 --std-to-prior --std-season-prior --feat-domain --feat-skill-pc --lr 0.01 --es 500 --depth 8 --l2 10 --refit-mult 1.5 --drop-f-pre 2022 --val-season 2023 --test-season 2024 --seeds 3,4,5,6,8,13 --soft-target ./out/teacher_T5_seq.npz --tag DT5_seq
2026-08-08 21:00	DESKTOP-BT7ML7I	DX2_seq_s7	cat	2024		7	2969	901.99	nan	--model cat --feat-v2 --te p,pc,ph,b,pi --te-dev --feat-std --std-k 80 --std-to-prior --std-season-prior --feat-domain --feat-skill-pc --lr 0.01 --es 500 --depth 8 --l2 10 --refit-mult 1.5 --val-season 2024 --seeds 42,7,13,3,4,5,6,8 --soft-target .\out\teacher_T3_seq.npz --tag DX2_seq
2026-08-08 21:04	HS-GPU	DT5_seq_s5	cat	2023	2024	5	2999	822.08	880.40	--model cat --feat-v2 --te p,pc,ph,b,pi --te-dev --feat-std --std-k 80 --std-to-prior --std-season-prior --feat-domain --feat-skill-pc --lr 0.01 --es 500 --depth 8 --l2 10 --refit-mult 1.5 --drop-f-pre 2022 --val-season 2023 --test-season 2024 --seeds 3,4,5,6,8,13 --soft-target ./out/teacher_T5_seq.npz --tag DT5_seq
2026-08-08 21:06	DESKTOP-BT7ML7I	DX2_seq_s13	cat	2024		13	2993	905.28	nan	--model cat --feat-v2 --te p,pc,ph,b,pi --te-dev --feat-std --std-k 80 --std-to-prior --std-season-prior --feat-domain --feat-skill-pc --lr 0.01 --es 500 --depth 8 --l2 10 --refit-mult 1.5 --val-season 2024 --seeds 42,7,13,3,4,5,6,8 --soft-target .\out\teacher_T3_seq.npz --tag DX2_seq
2026-08-08 21:11	HS-GPU	DT5_seq_s6	cat	2023	2024	6	2998	825.90	881.37	--model cat --feat-v2 --te p,pc,ph,b,pi --te-dev --feat-std --std-k 80 --std-to-prior --std-season-prior --feat-domain --feat-skill-pc --lr 0.01 --es 500 --depth 8 --l2 10 --refit-mult 1.5 --drop-f-pre 2022 --val-season 2023 --test-season 2024 --seeds 3,4,5,6,8,13 --soft-target ./out/teacher_T5_seq.npz --tag DT5_seq
2026-08-08 21:12	DESKTOP-BT7ML7I	DX2_seq_s3	cat	2024		3	2999	904.32	nan	--model cat --feat-v2 --te p,pc,ph,b,pi --te-dev --feat-std --std-k 80 --std-to-prior --std-season-prior --feat-domain --feat-skill-pc --lr 0.01 --es 500 --depth 8 --l2 10 --refit-mult 1.5 --val-season 2024 --seeds 42,7,13,3,4,5,6,8 --soft-target .\out\teacher_T3_seq.npz --tag DX2_seq
2026-08-08 21:18	HS-GPU	DT5_seq_s8	cat	2023	2024	8	2999	823.82	881.02	--model cat --feat-v2 --te p,pc,ph,b,pi --te-dev --feat-std --std-k 80 --std-to-prior --std-season-prior --feat-domain --feat-skill-pc --lr 0.01 --es 500 --depth 8 --l2 10 --refit-mult 1.5 --drop-f-pre 2022 --val-season 2023 --test-season 2024 --seeds 3,4,5,6,8,13 --soft-target ./out/teacher_T5_seq.npz --tag DT5_seq
2026-08-08 21:19	DESKTOP-BT7ML7I	DX2_seq_s4	cat	2024		4	2983	901.14	nan	--model cat --feat-v2 --te p,pc,ph,b,pi --te-dev --feat-std --std-k 80 --std-to-prior --std-season-prior --feat-domain --feat-skill-pc --lr 0.01 --es 500 --depth 8 --l2 10 --refit-mult 1.5 --val-season 2024 --seeds 42,7,13,3,4,5,6,8 --soft-target .\out\teacher_T3_seq.npz --tag DX2_seq
2026-08-08 21:24	HS-GPU	DT5_seq_s13	cat	2023	2024	13	2999	819.43	878.83	--model cat --feat-v2 --te p,pc,ph,b,pi --te-dev --feat-std --std-k 80 --std-to-prior --std-season-prior --feat-domain --feat-skill-pc --lr 0.01 --es 500 --depth 8 --l2 10 --refit-mult 1.5 --drop-f-pre 2022 --val-season 2023 --test-season 2024 --seeds 3,4,5,6,8,13 --soft-target ./out/teacher_T5_seq.npz --tag DT5_seq
2026-08-08 21:25	DESKTOP-BT7ML7I	DX2_seq_s5	cat	2024		5	2860	903.07	nan	--model cat --feat-v2 --te p,pc,ph,b,pi --te-dev --feat-std --std-k 80 --std-to-prior --std-season-prior --feat-domain --feat-skill-pc --lr 0.01 --es 500 --depth 8 --l2 10 --refit-mult 1.5 --val-season 2024 --seeds 42,7,13,3,4,5,6,8 --soft-target .\out\teacher_T3_seq.npz --tag DX2_seq
2026-08-08 21:31	DESKTOP-BT7ML7I	DX2_seq_s6	cat	2024		6	2938	904.66	nan	--model cat --feat-v2 --te p,pc,ph,b,pi --te-dev --feat-std --std-k 80 --std-to-prior --std-season-prior --feat-domain --feat-skill-pc --lr 0.01 --es 500 --depth 8 --l2 10 --refit-mult 1.5 --val-season 2024 --seeds 42,7,13,3,4,5,6,8 --soft-target .\out\teacher_T3_seq.npz --tag DX2_seq
2026-08-08 21:37	DESKTOP-BT7ML7I	DX2_seq_s8	cat	2024		8	2918	903.88	nan	--model cat --feat-v2 --te p,pc,ph,b,pi --te-dev --feat-std --std-k 80 --std-to-prior --std-season-prior --feat-domain --feat-skill-pc --lr 0.01 --es 500 --depth 8 --l2 10 --refit-mult 1.5 --val-season 2024 --seeds 42,7,13,3,4,5,6,8 --soft-target .\out\teacher_T3_seq.npz --tag DX2_seq
2026-08-08 22:26	HS-GPU	TW1_window_s3	cat	2023	2024	3	963	567.39	874.78	--model cat --feat-v2 --te p,pc,ph,b,pi --te-dev --feat-std --std-k 80 --std-to-prior --std-season-prior --feat-domain --feat-skill-pc --feat-window --lr 0.01 --es 500 --depth 8 --l2 10 --refit-mult 1.5 --drop-f-pre 2022 --val-season 2023 --test-season 2024 --seeds 3,4,5,6,8,13 --tag TW1_window
2026-08-08 22:29	HS-GPU	TW1_window_s4	cat	2023	2024	4	1040	586.12	878.31	--model cat --feat-v2 --te p,pc,ph,b,pi --te-dev --feat-std --std-k 80 --std-to-prior --std-season-prior --feat-domain --feat-skill-pc --feat-window --lr 0.01 --es 500 --depth 8 --l2 10 --refit-mult 1.5 --drop-f-pre 2022 --val-season 2023 --test-season 2024 --seeds 3,4,5,6,8,13 --tag TW1_window
2026-08-08 22:31	HS-GPU	TW1_window_s5	cat	2023	2024	5	886	579.76	878.67	--model cat --feat-v2 --te p,pc,ph,b,pi --te-dev --feat-std --std-k 80 --std-to-prior --std-season-prior --feat-domain --feat-skill-pc --feat-window --lr 0.01 --es 500 --depth 8 --l2 10 --refit-mult 1.5 --drop-f-pre 2022 --val-season 2023 --test-season 2024 --seeds 3,4,5,6,8,13 --tag TW1_window
2026-08-08 22:34	HS-GPU	TW1_window_s6	cat	2023	2024	6	850	575.14	878.01	--model cat --feat-v2 --te p,pc,ph,b,pi --te-dev --feat-std --std-k 80 --std-to-prior --std-season-prior --feat-domain --feat-skill-pc --feat-window --lr 0.01 --es 500 --depth 8 --l2 10 --refit-mult 1.5 --drop-f-pre 2022 --val-season 2023 --test-season 2024 --seeds 3,4,5,6,8,13 --tag TW1_window
2026-08-08 22:36	HS-GPU	TW1_window_s8	cat	2023	2024	8	991	587.25	880.13	--model cat --feat-v2 --te p,pc,ph,b,pi --te-dev --feat-std --std-k 80 --std-to-prior --std-season-prior --feat-domain --feat-skill-pc --feat-window --lr 0.01 --es 500 --depth 8 --l2 10 --refit-mult 1.5 --drop-f-pre 2022 --val-season 2023 --test-season 2024 --seeds 3,4,5,6,8,13 --tag TW1_window
2026-08-08 22:39	HS-GPU	TW1_window_s13	cat	2023	2024	13	872	584.00	866.07	--model cat --feat-v2 --te p,pc,ph,b,pi --te-dev --feat-std --std-k 80 --std-to-prior --std-season-prior --feat-domain --feat-skill-pc --feat-window --lr 0.01 --es 500 --depth 8 --l2 10 --refit-mult 1.5 --drop-f-pre 2022 --val-season 2023 --test-season 2024 --seeds 3,4,5,6,8,13 --tag TW1_window
2026-08-08 22:45	HS-GPU	TA1_anchor_s3	cat	2023	2024	3	1276	574.26	872.70	--model cat --feat-v2 --te p,pc,ph,b,pi --te-dev --feat-std --std-k 80 --std-to-prior --std-season-prior --feat-domain --feat-skill-pc --feat-anchor --lr 0.01 --es 500 --depth 8 --l2 10 --refit-mult 1.5 --drop-f-pre 2022 --val-season 2023 --test-season 2024 --seeds 3,4,5,6,8,13 --tag TA1_anchor
2026-08-08 22:47	HS-GPU	TA1_anchor_s4	cat	2023	2024	4	865	582.34	870.87	--model cat --feat-v2 --te p,pc,ph,b,pi --te-dev --feat-std --std-k 80 --std-to-prior --std-season-prior --feat-domain --feat-skill-pc --feat-anchor --lr 0.01 --es 500 --depth 8 --l2 10 --refit-mult 1.5 --drop-f-pre 2022 --val-season 2023 --test-season 2024 --seeds 3,4,5,6,8,13 --tag TA1_anchor
2026-08-08 22:50	HS-GPU	TA1_anchor_s5	cat	2023	2024	5	947	587.95	875.74	--model cat --feat-v2 --te p,pc,ph,b,pi --te-dev --feat-std --std-k 80 --std-to-prior --std-season-prior --feat-domain --feat-skill-pc --feat-anchor --lr 0.01 --es 500 --depth 8 --l2 10 --refit-mult 1.5 --drop-f-pre 2022 --val-season 2023 --test-season 2024 --seeds 3,4,5,6,8,13 --tag TA1_anchor
2026-08-08 22:52	HS-GPU	TA1_anchor_s6	cat	2023	2024	6	805	581.82	876.41	--model cat --feat-v2 --te p,pc,ph,b,pi --te-dev --feat-std --std-k 80 --std-to-prior --std-season-prior --feat-domain --feat-skill-pc --feat-anchor --lr 0.01 --es 500 --depth 8 --l2 10 --refit-mult 1.5 --drop-f-pre 2022 --val-season 2023 --test-season 2024 --seeds 3,4,5,6,8,13 --tag TA1_anchor
2026-08-08 22:55	HS-GPU	TA1_anchor_s8	cat	2023	2024	8	1193	595.05	874.09	--model cat --feat-v2 --te p,pc,ph,b,pi --te-dev --feat-std --std-k 80 --std-to-prior --std-season-prior --feat-domain --feat-skill-pc --feat-anchor --lr 0.01 --es 500 --depth 8 --l2 10 --refit-mult 1.5 --drop-f-pre 2022 --val-season 2023 --test-season 2024 --seeds 3,4,5,6,8,13 --tag TA1_anchor
2026-08-08 22:57	HS-GPU	TA1_anchor_s13	cat	2023	2024	13	886	570.78	869.83	--model cat --feat-v2 --te p,pc,ph,b,pi --te-dev --feat-std --std-k 80 --std-to-prior --std-season-prior --feat-domain --feat-skill-pc --feat-anchor --lr 0.01 --es 500 --depth 8 --l2 10 --refit-mult 1.5 --drop-f-pre 2022 --val-season 2023 --test-season 2024 --seeds 3,4,5,6,8,13 --tag TA1_anchor
2026-08-08 23:06	HS-GPU	TH1_hl2_s3	cat	2023	2024	3	971	578.87	878.75	--model cat --feat-v2 --te p,pc,ph,b,pi --te-dev --feat-std --std-k 80 --std-to-prior --std-season-prior --feat-domain --feat-skill-pc --te-halflife 2 --lr 0.01 --es 500 --depth 8 --l2 10 --refit-mult 1.5 --drop-f-pre 2022 --val-season 2023 --test-season 2024 --seeds 3,4,5,6,8,13 --tag TH1_hl2
2026-08-08 23:09	HS-GPU	TH1_hl2_s4	cat	2023	2024	4	1050	589.57	880.97	--model cat --feat-v2 --te p,pc,ph,b,pi --te-dev --feat-std --std-k 80 --std-to-prior --std-season-prior --feat-domain --feat-skill-pc --te-halflife 2 --lr 0.01 --es 500 --depth 8 --l2 10 --refit-mult 1.5 --drop-f-pre 2022 --val-season 2023 --test-season 2024 --seeds 3,4,5,6,8,13 --tag TH1_hl2
2026-08-08 23:11	HS-GPU	TH1_hl2_s5	cat	2023	2024	5	1051	585.73	879.98	--model cat --feat-v2 --te p,pc,ph,b,pi --te-dev --feat-std --std-k 80 --std-to-prior --std-season-prior --feat-domain --feat-skill-pc --te-halflife 2 --lr 0.01 --es 500 --depth 8 --l2 10 --refit-mult 1.5 --drop-f-pre 2022 --val-season 2023 --test-season 2024 --seeds 3,4,5,6,8,13 --tag TH1_hl2
2026-08-08 23:14	HS-GPU	TH1_hl2_s6	cat	2023	2024	6	829	585.35	883.79	--model cat --feat-v2 --te p,pc,ph,b,pi --te-dev --feat-std --std-k 80 --std-to-prior --std-season-prior --feat-domain --feat-skill-pc --te-halflife 2 --lr 0.01 --es 500 --depth 8 --l2 10 --refit-mult 1.5 --drop-f-pre 2022 --val-season 2023 --test-season 2024 --seeds 3,4,5,6,8,13 --tag TH1_hl2
2026-08-08 23:17	HS-GPU	TH1_hl2_s8	cat	2023	2024	8	1079	593.38	880.25	--model cat --feat-v2 --te p,pc,ph,b,pi --te-dev --feat-std --std-k 80 --std-to-prior --std-season-prior --feat-domain --feat-skill-pc --te-halflife 2 --lr 0.01 --es 500 --depth 8 --l2 10 --refit-mult 1.5 --drop-f-pre 2022 --val-season 2023 --test-season 2024 --seeds 3,4,5,6,8,13 --tag TH1_hl2
2026-08-08 23:19	HS-GPU	TH1_hl2_s13	cat	2023	2024	13	754	578.97	873.45	--model cat --feat-v2 --te p,pc,ph,b,pi --te-dev --feat-std --std-k 80 --std-to-prior --std-season-prior --feat-domain --feat-skill-pc --te-halflife 2 --lr 0.01 --es 500 --depth 8 --l2 10 --refit-mult 1.5 --drop-f-pre 2022 --val-season 2023 --test-season 2024 --seeds 3,4,5,6,8,13 --tag TH1_hl2
2026-08-08 23:33	DESKTOP-BT7ML7I	TH2_hl2_s42	cat	2024		42	1573	915.97	nan	--model cat --feat-v2 --te p,pc,ph,b,pi --te-dev --feat-std --std-k 80 --std-to-prior --std-season-prior --feat-domain --feat-skill-pc --te-halflife 2 --lr 0.01 --es 500 --depth 8 --l2 10 --refit-mult 1.5 --val-season 2024 --seeds 42,7,13,3,4,5,6,8 --tag TH2_hl2
2026-08-08 23:37	DESKTOP-BT7ML7I	TH2_hl2_s7	cat	2024		7	1363	917.38	nan	--model cat --feat-v2 --te p,pc,ph,b,pi --te-dev --feat-std --std-k 80 --std-to-prior --std-season-prior --feat-domain --feat-skill-pc --te-halflife 2 --lr 0.01 --es 500 --depth 8 --l2 10 --refit-mult 1.5 --val-season 2024 --seeds 42,7,13,3,4,5,6,8 --tag TH2_hl2
2026-08-08 23:40	DESKTOP-BT7ML7I	TH2_hl2_s13	cat	2024		13	1352	914.74	nan	--model cat --feat-v2 --te p,pc,ph,b,pi --te-dev --feat-std --std-k 80 --std-to-prior --std-season-prior --feat-domain --feat-skill-pc --te-halflife 2 --lr 0.01 --es 500 --depth 8 --l2 10 --refit-mult 1.5 --val-season 2024 --seeds 42,7,13,3,4,5,6,8 --tag TH2_hl2
2026-08-08 23:43	DESKTOP-BT7ML7I	TH2_hl2_s3	cat	2024		3	1235	915.12	nan	--model cat --feat-v2 --te p,pc,ph,b,pi --te-dev --feat-std --std-k 80 --std-to-prior --std-season-prior --feat-domain --feat-skill-pc --te-halflife 2 --lr 0.01 --es 500 --depth 8 --l2 10 --refit-mult 1.5 --val-season 2024 --seeds 42,7,13,3,4,5,6,8 --tag TH2_hl2
2026-08-08 23:45	DESKTOP-BT7ML7I	TH2_hl2_s4	cat	2024		4	998	917.35	nan	--model cat --feat-v2 --te p,pc,ph,b,pi --te-dev --feat-std --std-k 80 --std-to-prior --std-season-prior --feat-domain --feat-skill-pc --te-halflife 2 --lr 0.01 --es 500 --depth 8 --l2 10 --refit-mult 1.5 --val-season 2024 --seeds 42,7,13,3,4,5,6,8 --tag TH2_hl2
2026-08-08 23:49	DESKTOP-BT7ML7I	TH2_hl2_s5	cat	2024		5	1622	911.80	nan	--model cat --feat-v2 --te p,pc,ph,b,pi --te-dev --feat-std --std-k 80 --std-to-prior --std-season-prior --feat-domain --feat-skill-pc --te-halflife 2 --lr 0.01 --es 500 --depth 8 --l2 10 --refit-mult 1.5 --val-season 2024 --seeds 42,7,13,3,4,5,6,8 --tag TH2_hl2
2026-08-08 23:52	DESKTOP-BT7ML7I	TH2_hl2_s6	cat	2024		6	1094	916.90	nan	--model cat --feat-v2 --te p,pc,ph,b,pi --te-dev --feat-std --std-k 80 --std-to-prior --std-season-prior --feat-domain --feat-skill-pc --te-halflife 2 --lr 0.01 --es 500 --depth 8 --l2 10 --refit-mult 1.5 --val-season 2024 --seeds 42,7,13,3,4,5,6,8 --tag TH2_hl2
2026-08-08 23:55	DESKTOP-BT7ML7I	TH2_hl2_s8	cat	2024		8	1048	914.87	nan	--model cat --feat-v2 --te p,pc,ph,b,pi --te-dev --feat-std --std-k 80 --std-to-prior --std-season-prior --feat-domain --feat-skill-pc --te-halflife 2 --lr 0.01 --es 500 --depth 8 --l2 10 --refit-mult 1.5 --val-season 2024 --seeds 42,7,13,3,4,5,6,8 --tag TH2_hl2
2026-08-09 01:04	DESKTOP-BT7ML7I	SK2_k40_s42	cat	2024		42	1253	905.46	nan	--model cat --feat-v2 --te p,pc,ph,b,pi --te-dev --feat-std --std-k 40 --std-to-prior --std-season-prior --feat-domain --feat-skill-pc --lr 0.01 --es 500 --depth 8 --l2 10 --refit-mult 1.5 --val-season 2024 --seeds 42,7,13,3,4,5,6,8 --tag SK2_k40
2026-08-09 01:07	DESKTOP-BT7ML7I	SK2_k40_s7	cat	2024		7	1103	899.28	nan	--model cat --feat-v2 --te p,pc,ph,b,pi --te-dev --feat-std --std-k 40 --std-to-prior --std-season-prior --feat-domain --feat-skill-pc --lr 0.01 --es 500 --depth 8 --l2 10 --refit-mult 1.5 --val-season 2024 --seeds 42,7,13,3,4,5,6,8 --tag SK2_k40
2026-08-09 01:10	DESKTOP-BT7ML7I	SK2_k40_s13	cat	2024		13	1176	910.49	nan	--model cat --feat-v2 --te p,pc,ph,b,pi --te-dev --feat-std --std-k 40 --std-to-prior --std-season-prior --feat-domain --feat-skill-pc --lr 0.01 --es 500 --depth 8 --l2 10 --refit-mult 1.5 --val-season 2024 --seeds 42,7,13,3,4,5,6,8 --tag SK2_k40
2026-08-09 01:13	DESKTOP-BT7ML7I	SK2_k40_s3	cat	2024		3	1033	905.64	nan	--model cat --feat-v2 --te p,pc,ph,b,pi --te-dev --feat-std --std-k 40 --std-to-prior --std-season-prior --feat-domain --feat-skill-pc --lr 0.01 --es 500 --depth 8 --l2 10 --refit-mult 1.5 --val-season 2024 --seeds 42,7,13,3,4,5,6,8 --tag SK2_k40
2026-08-09 01:16	DESKTOP-BT7ML7I	SK2_k40_s4	cat	2024		4	1386	908.35	nan	--model cat --feat-v2 --te p,pc,ph,b,pi --te-dev --feat-std --std-k 40 --std-to-prior --std-season-prior --feat-domain --feat-skill-pc --lr 0.01 --es 500 --depth 8 --l2 10 --refit-mult 1.5 --val-season 2024 --seeds 42,7,13,3,4,5,6,8 --tag SK2_k40
2026-08-09 01:18	DESKTOP-BT7ML7I	SK2_k40_s5	cat	2024		5	872	897.21	nan	--model cat --feat-v2 --te p,pc,ph,b,pi --te-dev --feat-std --std-k 40 --std-to-prior --std-season-prior --feat-domain --feat-skill-pc --lr 0.01 --es 500 --depth 8 --l2 10 --refit-mult 1.5 --val-season 2024 --seeds 42,7,13,3,4,5,6,8 --tag SK2_k40
2026-08-09 01:20	DESKTOP-BT7ML7I	SK2_k40_s6	cat	2024		6	767	898.29	nan	--model cat --feat-v2 --te p,pc,ph,b,pi --te-dev --feat-std --std-k 40 --std-to-prior --std-season-prior --feat-domain --feat-skill-pc --lr 0.01 --es 500 --depth 8 --l2 10 --refit-mult 1.5 --val-season 2024 --seeds 42,7,13,3,4,5,6,8 --tag SK2_k40
2026-08-09 01:23	DESKTOP-BT7ML7I	SK2_k40_s8	cat	2024		8	1035	905.85	nan	--model cat --feat-v2 --te p,pc,ph,b,pi --te-dev --feat-std --std-k 40 --std-to-prior --std-season-prior --feat-domain --feat-skill-pc --lr 0.01 --es 500 --depth 8 --l2 10 --refit-mult 1.5 --val-season 2024 --seeds 42,7,13,3,4,5,6,8 --tag SK2_k40
2026-08-09 02:13	HS-GPU	OG1_cell14_s3	cat	2023	2024	3	2957	594.80	885.37	--model cat --feat-v2 --te p,pc,ph,b,pi --te-dev --feat-std --std-k 80 --std-to-prior --std-season-prior --feat-domain --feat-skill-pc --lr 0.01 --es 500 --depth 5 --l2 10 --iters 3000 --refit-mult 1.5 --drop-f-pre 2022 --val-season 2023 --test-season 2024 --seeds 3,4,5,6,8,13 --failmode-cells --dump-cell-proba --tag OG1_cell14
2026-08-09 02:18	HS-GPU	OG1_cell14_s4	cat	2023	2024	4	2993	611.66	904.25	--model cat --feat-v2 --te p,pc,ph,b,pi --te-dev --feat-std --std-k 80 --std-to-prior --std-season-prior --feat-domain --feat-skill-pc --lr 0.01 --es 500 --depth 5 --l2 10 --iters 3000 --refit-mult 1.5 --drop-f-pre 2022 --val-season 2023 --test-season 2024 --seeds 3,4,5,6,8,13 --failmode-cells --dump-cell-proba --tag OG1_cell14
2026-08-09 02:22	HS-GPU	OG1_cell14_s5	cat	2023	2024	5	2997	603.85	892.48	--model cat --feat-v2 --te p,pc,ph,b,pi --te-dev --feat-std --std-k 80 --std-to-prior --std-season-prior --feat-domain --feat-skill-pc --lr 0.01 --es 500 --depth 5 --l2 10 --iters 3000 --refit-mult 1.5 --drop-f-pre 2022 --val-season 2023 --test-season 2024 --seeds 3,4,5,6,8,13 --failmode-cells --dump-cell-proba --tag OG1_cell14
2026-08-09 02:27	HS-GPU	OG1_cell14_s6	cat	2023	2024	6	2997	615.57	890.37	--model cat --feat-v2 --te p,pc,ph,b,pi --te-dev --feat-std --std-k 80 --std-to-prior --std-season-prior --feat-domain --feat-skill-pc --lr 0.01 --es 500 --depth 5 --l2 10 --iters 3000 --refit-mult 1.5 --drop-f-pre 2022 --val-season 2023 --test-season 2024 --seeds 3,4,5,6,8,13 --failmode-cells --dump-cell-proba --tag OG1_cell14
2026-08-09 02:31	HS-GPU	OG1_cell14_s8	cat	2023	2024	8	2998	620.10	891.03	--model cat --feat-v2 --te p,pc,ph,b,pi --te-dev --feat-std --std-k 80 --std-to-prior --std-season-prior --feat-domain --feat-skill-pc --lr 0.01 --es 500 --depth 5 --l2 10 --iters 3000 --refit-mult 1.5 --drop-f-pre 2022 --val-season 2023 --test-season 2024 --seeds 3,4,5,6,8,13 --failmode-cells --dump-cell-proba --tag OG1_cell14
2026-08-09 02:36	HS-GPU	OG1_cell14_s13	cat	2023	2024	13	2954	603.68	895.22	--model cat --feat-v2 --te p,pc,ph,b,pi --te-dev --feat-std --std-k 80 --std-to-prior --std-season-prior --feat-domain --feat-skill-pc --lr 0.01 --es 500 --depth 5 --l2 10 --iters 3000 --refit-mult 1.5 --drop-f-pre 2022 --val-season 2023 --test-season 2024 --seeds 3,4,5,6,8,13 --failmode-cells --dump-cell-proba --tag OG1_cell14
2026-08-09 03:22	HS-GPU	G0A_graph	cat	2023	2024	3	999	572.88	866.90	--model cat --feat-v2 --te p,pc,ph,b,pi --te-dev --feat-std --std-k 80 --std-to-prior --std-season-prior --feat-domain --feat-skill-pc --feat-graph-topology --lr 0.01 --es 500 --depth 8 --l2 10 --refit-mult 1.5 --drop-f-pre 2022 --val-season 2023 --test-season 2024 --seed 3 --tag G0A_graph
2026-08-09 03:23	DESKTOP-BT7ML7I	G0V_graph	cat	2024		42	884	902.06	nan	--model cat --feat-v2 --te p,pc,ph,b,pi --te-dev --feat-std --std-k 80 --std-to-prior --std-season-prior --feat-domain --feat-skill-pc --feat-graph-topology --lr 0.01 --es 500 --depth 8 --l2 10 --refit-mult 1.5 --val-season 2024 --seed 42 --tag G0V_graph
2026-08-09 03:55	DESKTOP-BT7ML7I	OR1_smoke16	rank	2023	2024	42	49	412.11	243.75	--model rank --feat-v2 --te p,pc,ph,b,pi --te-dev --feat-std --std-k 80 --std-to-prior --std-season-prior --feat-domain --feat-skill-pc --lr 0.01 --es 20 --iters 50 --depth 8 --l2 10 --drop-f-pre 2022 --val-season 2023 --test-season 2024 --rank-group-size 16 --no-refit --seed 42 --tag OR1_smoke16
2026-08-09 03:56	HS-GPU	H1B22	cat	2022		3	1461	641.21	nan	--model cat --feat-v2 --te p,pc,ph,b,pi --te-dev --feat-std --std-k 80 --std-to-prior --std-season-prior --feat-domain --feat-skill-pc --lr 0.01 --es 500 --depth 8 --l2 10 --drop-f-pre 2022 --val-season 2022 --max-train-season 2022 --no-refit --seed 3 --tag H1B22
2026-08-09 04:00	DESKTOP-BT7ML7I	OR1_refit16	rank	2023	2024	42	49	412.11	383.62	--model rank --feat-v2 --te p,pc,ph,b,pi --te-dev --feat-std --std-k 80 --std-to-prior --std-season-prior --feat-domain --feat-skill-pc --lr 0.01 --es 20 --iters 50 --depth 8 --l2 10 --refit-mult 1.5 --drop-f-pre 2022 --val-season 2023 --test-season 2024 --rank-group-size 16 --seed 42 --tag OR1_refit16
2026-08-09 04:14	DESKTOP-BT7ML7I	BC1_offset	cat	2024		42	1024	899.31	nan	--model cat --feat-v2 --te p,pc,ph,b,pi --te-dev --feat-std --std-k 80 --std-to-prior --std-season-prior --feat-domain --feat-skill-pc --baseline-col skill_pc_hat --lr 0.01 --es 500 --depth 8 --l2 10 --refit-mult 1.5 --val-season 2024 --seed 42 --tag BC1_offset
2026-08-09 04:40	DESKTOP-BT7ML7I	RT1V_roster	cat	2024		42	1143	915.53	nan	--model cat --feat-v2 --te-dev --feat-std --std-k 80 --std-to-prior --std-season-prior --feat-domain --feat-skill-pc --lr 0.01 --es 500 --depth 8 --l2 10 --refit-mult 1.5 --val-season 2024 --seed 42 --te p,pc,ph,b,pi --feat-roster --tag RT1V_roster
2026-08-09 04:40	HS-GPU	RT1A_roster	cat	2023	2024	3	946	565.36	884.49	--model cat --feat-v2 --te p,pc,ph,b,pi --te-dev --feat-std --std-k 80 --std-to-prior --std-season-prior --feat-domain --feat-skill-pc --feat-roster --lr 0.01 --es 500 --depth 8 --l2 10 --refit-mult 1.5 --drop-f-pre 2022 --val-season 2023 --test-season 2024 --seed 3 --tag RT1A_roster
2026-08-09 04:43	DESKTOP-BT7ML7I	PG1V_pg	cat	2024		42	1084	912.55	nan	--model cat --feat-v2 --te-dev --feat-std --std-k 80 --std-to-prior --std-season-prior --feat-domain --feat-skill-pc --lr 0.01 --es 500 --depth 8 --l2 10 --refit-mult 1.5 --val-season 2024 --seed 42 --te p,pc,ph,b,pi,pg --tag PG1V_pg
2026-08-09 04:44	HS-GPU	PG1A_pg	cat	2023	2024	3	1385	577.65	858.11	--model cat --feat-v2 --te p,pc,ph,b,pi,pg --te-dev --feat-std --std-k 80 --std-to-prior --std-season-prior --feat-domain --feat-skill-pc --lr 0.01 --es 500 --depth 8 --l2 10 --refit-mult 1.5 --drop-f-pre 2022 --val-season 2023 --test-season 2024 --seed 3 --tag PG1A_pg
2026-08-09 14:09	HS-GPU	RT2A_roster_s3	cat	2023	2024	3	946	565.30	881.53	--model cat --feat-v2 --te p,pc,ph,b,pi --te-dev --feat-std --std-k 80 --std-to-prior --std-season-prior --feat-domain --feat-skill-pc --feat-roster --lr 0.01 --es 500 --depth 8 --l2 10 --refit-mult 1.5 --drop-f-pre 2022 --val-season 2023 --test-season 2024 --seeds 3,4,5,6,8,13 --tag RT2A_roster
2026-08-09 14:10	DESKTOP-BT7ML7I	RT2V_roster_s42	cat	2024		42	1143	917.54	nan	--model cat --feat-v2 --te p,pc,ph,b,pi --te-dev --feat-std --std-k 80 --std-to-prior --std-season-prior --feat-domain --feat-skill-pc --feat-roster --lr 0.01 --es 500 --depth 8 --l2 10 --refit-mult 1.5 --val-season 2024 --seeds 42,7,13,3,4,5,6,8 --tag RT2V_roster
2026-08-09 14:12	DESKTOP-BT7ML7I	RT2V_roster_s7	cat	2024		7	921	901.85	nan	--model cat --feat-v2 --te p,pc,ph,b,pi --te-dev --feat-std --std-k 80 --std-to-prior --std-season-prior --feat-domain --feat-skill-pc --feat-roster --lr 0.01 --es 500 --depth 8 --l2 10 --refit-mult 1.5 --val-season 2024 --seeds 42,7,13,3,4,5,6,8 --tag RT2V_roster
2026-08-09 14:12	HS-GPU	RT2A_roster_s4	cat	2023	2024	4	943	568.41	887.92	--model cat --feat-v2 --te p,pc,ph,b,pi --te-dev --feat-std --std-k 80 --std-to-prior --std-season-prior --feat-domain --feat-skill-pc --feat-roster --lr 0.01 --es 500 --depth 8 --l2 10 --refit-mult 1.5 --drop-f-pre 2022 --val-season 2023 --test-season 2024 --seeds 3,4,5,6,8,13 --tag RT2A_roster
2026-08-09 14:14	HS-GPU	RT2A_roster_s5	cat	2023	2024	5	753	574.76	872.82	--model cat --feat-v2 --te p,pc,ph,b,pi --te-dev --feat-std --std-k 80 --std-to-prior --std-season-prior --feat-domain --feat-skill-pc --feat-roster --lr 0.01 --es 500 --depth 8 --l2 10 --refit-mult 1.5 --drop-f-pre 2022 --val-season 2023 --test-season 2024 --seeds 3,4,5,6,8,13 --tag RT2A_roster
2026-08-09 14:15	DESKTOP-BT7ML7I	RT2V_roster_s13	cat	2024		13	1221	914.63	nan	--model cat --feat-v2 --te p,pc,ph,b,pi --te-dev --feat-std --std-k 80 --std-to-prior --std-season-prior --feat-domain --feat-skill-pc --feat-roster --lr 0.01 --es 500 --depth 8 --l2 10 --refit-mult 1.5 --val-season 2024 --seeds 42,7,13,3,4,5,6,8 --tag RT2V_roster
2026-08-09 14:16	HS-GPU	RT2A_roster_s6	cat	2023	2024	6	714	557.31	868.07	--model cat --feat-v2 --te p,pc,ph,b,pi --te-dev --feat-std --std-k 80 --std-to-prior --std-season-prior --feat-domain --feat-skill-pc --feat-roster --lr 0.01 --es 500 --depth 8 --l2 10 --refit-mult 1.5 --drop-f-pre 2022 --val-season 2023 --test-season 2024 --seeds 3,4,5,6,8,13 --tag RT2A_roster
2026-08-09 14:19	DESKTOP-BT7ML7I	RT2V_roster_s3	cat	2024		3	1393	909.98	nan	--model cat --feat-v2 --te p,pc,ph,b,pi --te-dev --feat-std --std-k 80 --std-to-prior --std-season-prior --feat-domain --feat-skill-pc --feat-roster --lr 0.01 --es 500 --depth 8 --l2 10 --refit-mult 1.5 --val-season 2024 --seeds 42,7,13,3,4,5,6,8 --tag RT2V_roster
2026-08-09 14:19	HS-GPU	RT2A_roster_s8	cat	2023	2024	8	1004	566.31	886.57	--model cat --feat-v2 --te p,pc,ph,b,pi --te-dev --feat-std --std-k 80 --std-to-prior --std-season-prior --feat-domain --feat-skill-pc --feat-roster --lr 0.01 --es 500 --depth 8 --l2 10 --refit-mult 1.5 --drop-f-pre 2022 --val-season 2023 --test-season 2024 --seeds 3,4,5,6,8,13 --tag RT2A_roster
2026-08-09 14:21	HS-GPU	RT2A_roster_s13	cat	2023	2024	13	1026	571.60	885.85	--model cat --feat-v2 --te p,pc,ph,b,pi --te-dev --feat-std --std-k 80 --std-to-prior --std-season-prior --feat-domain --feat-skill-pc --feat-roster --lr 0.01 --es 500 --depth 8 --l2 10 --refit-mult 1.5 --drop-f-pre 2022 --val-season 2023 --test-season 2024 --seeds 3,4,5,6,8,13 --tag RT2A_roster
2026-08-09 14:22	DESKTOP-BT7ML7I	RT2V_roster_s4	cat	2024		4	1200	916.06	nan	--model cat --feat-v2 --te p,pc,ph,b,pi --te-dev --feat-std --std-k 80 --std-to-prior --std-season-prior --feat-domain --feat-skill-pc --feat-roster --lr 0.01 --es 500 --depth 8 --l2 10 --refit-mult 1.5 --val-season 2024 --seeds 42,7,13,3,4,5,6,8 --tag RT2V_roster
2026-08-09 14:25	DESKTOP-BT7ML7I	RT2V_roster_s5	cat	2024		5	1453	905.66	nan	--model cat --feat-v2 --te p,pc,ph,b,pi --te-dev --feat-std --std-k 80 --std-to-prior --std-season-prior --feat-domain --feat-skill-pc --feat-roster --lr 0.01 --es 500 --depth 8 --l2 10 --refit-mult 1.5 --val-season 2024 --seeds 42,7,13,3,4,5,6,8 --tag RT2V_roster
2026-08-09 14:28	DESKTOP-BT7ML7I	RT2V_roster_s6	cat	2024		6	968	913.69	nan	--model cat --feat-v2 --te p,pc,ph,b,pi --te-dev --feat-std --std-k 80 --std-to-prior --std-season-prior --feat-domain --feat-skill-pc --feat-roster --lr 0.01 --es 500 --depth 8 --l2 10 --refit-mult 1.5 --val-season 2024 --seeds 42,7,13,3,4,5,6,8 --tag RT2V_roster
2026-08-09 14:30	DESKTOP-BT7ML7I	RT2V_roster_s8	cat	2024		8	1044	912.34	nan	--model cat --feat-v2 --te p,pc,ph,b,pi --te-dev --feat-std --std-k 80 --std-to-prior --std-season-prior --feat-domain --feat-skill-pc --feat-roster --lr 0.01 --es 500 --depth 8 --l2 10 --refit-mult 1.5 --val-season 2024 --seeds 42,7,13,3,4,5,6,8 --tag RT2V_roster
2026-08-09 15:02	HS-GPU	OB1A_ordered	cat	2023	2024	3	446	535.10	830.75	--model cat --feat-v2 --te p,pc,ph,b,pi --te-dev --feat-std --std-k 80 --std-to-prior --std-season-prior --feat-domain --feat-skill-pc --lr 0.01 --es 500 --depth 8 --l2 10 --refit-mult 1.5 --boosting-type Ordered --drop-f-pre 2022 --val-season 2023 --test-season 2024 --seed 3 --tag OB1A_ordered
2026-08-09 15:05	DESKTOP-BT7ML7I	OB1V_ordered	cat	2024		42	1206	900.49	nan	--model cat --feat-v2 --te p,pc,ph,b,pi --te-dev --feat-std --std-k 80 --std-to-prior --std-season-prior --feat-domain --feat-skill-pc --lr 0.01 --es 500 --depth 8 --l2 10 --refit-mult 1.5 --boosting-type Ordered --val-season 2024 --seed 42 --tag OB1V_ordered
2026-08-09 15:17	HS-GPU	FW1A_cellwin	cat	2023	2024	3	2943	604.87	885.58	--model cat --feat-v2 --te p,pc,ph,b,pi --te-dev --feat-std --std-k 80 --std-to-prior --std-season-prior --feat-domain --feat-skill-pc --lr 0.01 --es 500 --depth 5 --l2 10 --iters 3000 --refit-mult 1.5 --feat-window --failmode-cells --drop-f-pre 2022 --val-season 2023 --test-season 2024 --seed 3 --tag FW1A_cellwin
2026-08-09 15:19	DESKTOP-BT7ML7I	FW1V_cellwin	cat	2024		42	2995	915.30	nan	--model cat --feat-v2 --te p,pc,ph,b,pi --te-dev --feat-std --std-k 80 --std-to-prior --std-season-prior --feat-domain --feat-skill-pc --lr 0.01 --es 500 --depth 5 --l2 10 --iters 3000 --refit-mult 1.5 --feat-window --failmode-cells --val-season 2024 --seed 42 --tag FW1V_cellwin
2026-08-09 15:28	HS-GPU	RC1A_cellroster	cat	2023	2024	3	2967	586.16	888.60	--model cat --feat-v2 --te p,pc,ph,b,pi --te-dev --feat-std --std-k 80 --std-to-prior --std-season-prior --feat-domain --feat-skill-pc --lr 0.01 --es 500 --depth 5 --l2 10 --iters 3000 --refit-mult 1.5 --feat-roster --failmode-cells --drop-f-pre 2022 --val-season 2023 --test-season 2024 --seed 3 --tag RC1A_cellroster
2026-08-09 15:30	DESKTOP-BT7ML7I	RC1V_cellroster	cat	2024		42	2999	923.11	nan	--model cat --feat-v2 --te p,pc,ph,b,pi --te-dev --feat-std --std-k 80 --std-to-prior --std-season-prior --feat-domain --feat-skill-pc --lr 0.01 --es 500 --depth 5 --l2 10 --iters 3000 --refit-mult 1.5 --feat-roster --failmode-cells --val-season 2024 --seed 42 --tag RC1V_cellroster
2026-08-09 15:37	HS-GPU	RC2A_cellroster_s4	cat	2023	2024	4	2990	598.88	903.04	--model cat --feat-v2 --te p,pc,ph,b,pi --te-dev --feat-std --std-k 80 --std-to-prior --std-season-prior --feat-domain --feat-skill-pc --lr 0.01 --es 500 --depth 5 --l2 10 --iters 3000 --refit-mult 1.5 --feat-roster --failmode-cells --drop-f-pre 2022 --val-season 2023 --test-season 2024 --seeds 4,5,6,8,13 --tag RC2A_cellroster
2026-08-09 15:39	DESKTOP-BT7ML7I	RC2V_cellroster_s7	cat	2024		7	2994	918.09	nan	--model cat --feat-v2 --te p,pc,ph,b,pi --te-dev --feat-std --std-k 80 --std-to-prior --std-season-prior --feat-domain --feat-skill-pc --lr 0.01 --es 500 --depth 5 --l2 10 --iters 3000 --refit-mult 1.5 --feat-roster --failmode-cells --val-season 2024 --seeds 7,13,3,4,5,6,8 --tag RC2V_cellroster
2026-08-09 15:42	HS-GPU	RC2A_cellroster_s5	cat	2023	2024	5	2995	596.63	890.24	--model cat --feat-v2 --te p,pc,ph,b,pi --te-dev --feat-std --std-k 80 --std-to-prior --std-season-prior --feat-domain --feat-skill-pc --lr 0.01 --es 500 --depth 5 --l2 10 --iters 3000 --refit-mult 1.5 --feat-roster --failmode-cells --drop-f-pre 2022 --val-season 2023 --test-season 2024 --seeds 4,5,6,8,13 --tag RC2A_cellroster
2026-08-09 15:46	DESKTOP-BT7ML7I	RC2V_cellroster_s13	cat	2024		13	2992	918.42	nan	--model cat --feat-v2 --te p,pc,ph,b,pi --te-dev --feat-std --std-k 80 --std-to-prior --std-season-prior --feat-domain --feat-skill-pc --lr 0.01 --es 500 --depth 5 --l2 10 --iters 3000 --refit-mult 1.5 --feat-roster --failmode-cells --val-season 2024 --seeds 7,13,3,4,5,6,8 --tag RC2V_cellroster
2026-08-09 15:46	HS-GPU	RC2A_cellroster_s6	cat	2023	2024	6	2991	600.20	893.64	--model cat --feat-v2 --te p,pc,ph,b,pi --te-dev --feat-std --std-k 80 --std-to-prior --std-season-prior --feat-domain --feat-skill-pc --lr 0.01 --es 500 --depth 5 --l2 10 --iters 3000 --refit-mult 1.5 --feat-roster --failmode-cells --drop-f-pre 2022 --val-season 2023 --test-season 2024 --seeds 4,5,6,8,13 --tag RC2A_cellroster
2026-08-09 15:50	HS-GPU	RC2A_cellroster_s8	cat	2023	2024	8	2998	609.57	889.72	--model cat --feat-v2 --te p,pc,ph,b,pi --te-dev --feat-std --std-k 80 --std-to-prior --std-season-prior --feat-domain --feat-skill-pc --lr 0.01 --es 500 --depth 5 --l2 10 --iters 3000 --refit-mult 1.5 --feat-roster --failmode-cells --drop-f-pre 2022 --val-season 2023 --test-season 2024 --seeds 4,5,6,8,13 --tag RC2A_cellroster
2026-08-09 15:53	DESKTOP-BT7ML7I	RC2V_cellroster_s3	cat	2024		3	2988	916.46	nan	--model cat --feat-v2 --te p,pc,ph,b,pi --te-dev --feat-std --std-k 80 --std-to-prior --std-season-prior --feat-domain --feat-skill-pc --lr 0.01 --es 500 --depth 5 --l2 10 --iters 3000 --refit-mult 1.5 --feat-roster --failmode-cells --val-season 2024 --seeds 7,13,3,4,5,6,8 --tag RC2V_cellroster
2026-08-09 15:55	HS-GPU	RC2A_cellroster_s13	cat	2023	2024	13	2863	593.85	892.73	--model cat --feat-v2 --te p,pc,ph,b,pi --te-dev --feat-std --std-k 80 --std-to-prior --std-season-prior --feat-domain --feat-skill-pc --lr 0.01 --es 500 --depth 5 --l2 10 --iters 3000 --refit-mult 1.5 --feat-roster --failmode-cells --drop-f-pre 2022 --val-season 2023 --test-season 2024 --seeds 4,5,6,8,13 --tag RC2A_cellroster
2026-08-09 16:00	DESKTOP-BT7ML7I	RC2V_cellroster_s4	cat	2024		4	2995	918.29	nan	--model cat --feat-v2 --te p,pc,ph,b,pi --te-dev --feat-std --std-k 80 --std-to-prior --std-season-prior --feat-domain --feat-skill-pc --lr 0.01 --es 500 --depth 5 --l2 10 --iters 3000 --refit-mult 1.5 --feat-roster --failmode-cells --val-season 2024 --seeds 7,13,3,4,5,6,8 --tag RC2V_cellroster
2026-08-09 16:08	DESKTOP-BT7ML7I	RC2V_cellroster_s5	cat	2024		5	2997	910.24	nan	--model cat --feat-v2 --te p,pc,ph,b,pi --te-dev --feat-std --std-k 80 --std-to-prior --std-season-prior --feat-domain --feat-skill-pc --lr 0.01 --es 500 --depth 5 --l2 10 --iters 3000 --refit-mult 1.5 --feat-roster --failmode-cells --val-season 2024 --seeds 7,13,3,4,5,6,8 --tag RC2V_cellroster
2026-08-09 16:15	DESKTOP-BT7ML7I	RC2V_cellroster_s6	cat	2024		6	2999	917.75	nan	--model cat --feat-v2 --te p,pc,ph,b,pi --te-dev --feat-std --std-k 80 --std-to-prior --std-season-prior --feat-domain --feat-skill-pc --lr 0.01 --es 500 --depth 5 --l2 10 --iters 3000 --refit-mult 1.5 --feat-roster --failmode-cells --val-season 2024 --seeds 7,13,3,4,5,6,8 --tag RC2V_cellroster
2026-08-09 16:22	DESKTOP-BT7ML7I	RC2V_cellroster_s8	cat	2024		8	2999	917.49	nan	--model cat --feat-v2 --te p,pc,ph,b,pi --te-dev --feat-std --std-k 80 --std-to-prior --std-season-prior --feat-domain --feat-skill-pc --lr 0.01 --es 500 --depth 5 --l2 10 --iters 3000 --refit-mult 1.5 --feat-roster --failmode-cells --val-season 2024 --seeds 7,13,3,4,5,6,8 --tag RC2V_cellroster
2026-08-09 17:04	DESKTOP-BT7ML7I	BO1V	cat	2024		42	1195	910.07	nan	--model cat --feat-v2 --te p,pc,ph,b,pi,bo --te-k bo:3000,*:50 --te-dev --feat-std --std-k 80 --std-to-prior --std-season-prior --feat-domain --feat-skill-pc --lr 0.01 --es 500 --depth 8 --l2 10 --refit-mult 1.5 --val-season 2024 --seeds 42 --tag BO1V
2026-08-09 17:04	HS-GPU	BO1A	cat	2023	2024	3	1176	568.37	865.13	--model cat --feat-v2 --te p,pc,ph,b,pi,bo --te-k bo:3000,*:50 --te-dev --feat-std --std-k 80 --std-to-prior --std-season-prior --feat-domain --feat-skill-pc --lr 0.01 --es 500 --depth 8 --l2 10 --refit-mult 1.5 --drop-f-pre 2022 --val-season 2023 --test-season 2024 --seeds 3 --tag BO1A
2026-08-09 17:41	HS-GPU	HB22_base	cat	2022	2023	3	1007	643.29	560.83	--model cat --feat-v2 --te p,pc,ph,b,pi --te-dev --feat-std --std-k 80 --std-to-prior --std-season-prior --feat-domain --feat-skill-pc --lr 0.01 --es 500 --l2 10 --refit-mult 1.5 --drop-f-pre 2022 --max-train-season 2023 --val-season 2022 --test-season 2023 --seed 3 --depth 8 --tag HB22_base
2026-08-09 17:45	HS-GPU	HC22_cell	cat	2022	2023	3	2995	631.46	595.31	--model cat --feat-v2 --te p,pc,ph,b,pi --te-dev --feat-std --std-k 80 --std-to-prior --std-season-prior --feat-domain --feat-skill-pc --lr 0.01 --es 500 --l2 10 --refit-mult 1.5 --drop-f-pre 2022 --max-train-season 2023 --val-season 2022 --test-season 2023 --seed 3 --depth 5 --iters 3000 --failmode-cells --tag HC22_cell
2026-08-09 19:03	HS-GPU	H21_base	cat	2021	2022	3	381	498.33	629.33	--model cat --feat-v2 --te p,pc,ph,b,pi --te-dev --feat-std --std-k 80 --std-to-prior --std-season-prior --feat-domain --feat-skill-pc --lr 0.01 --es 500 --l2 10 --refit-mult 1.5 --drop-f-pre 2022 --max-train-season 2022 --val-season 2021 --test-season 2022 --seed 3 --depth 8 --tag H21_base
2026-08-09 19:06	HS-GPU	H21_cell	cat	2021	2022	3	2996	468.39	627.46	--model cat --feat-v2 --te p,pc,ph,b,pi --te-dev --feat-std --std-k 80 --std-to-prior --std-season-prior --feat-domain --feat-skill-pc --lr 0.01 --es 500 --l2 10 --refit-mult 1.5 --drop-f-pre 2022 --max-train-season 2022 --val-season 2021 --test-season 2022 --seed 3 --depth 5 --iters 3000 --failmode-cells --tag H21_cell
2026-08-09 19:30	HS-GPU	IC1A_idcohort	cat	2023	2024	3	837	574.71	876.96	--model cat --feat-v2 --te p,pc,ph,b,pi --te-dev --feat-std --std-k 80 --std-to-prior --std-season-prior --feat-domain --feat-skill-pc --feat-id-cohort --lr 0.01 --es 500 --depth 8 --l2 10 --refit-mult 1.5 --drop-f-pre 2022 --val-season 2023 --test-season 2024 --tag IC1A_idcohort --seeds 3
2026-08-09 19:32	DESKTOP-BT7ML7I	IC1V_idcohort	cat	2024		42	1172	908.80	nan	--model cat --feat-v2 --te p,pc,ph,b,pi --te-dev --feat-std --std-k 80 --std-to-prior --std-season-prior --feat-domain --feat-skill-pc --feat-id-cohort --lr 0.01 --es 500 --depth 8 --l2 10 --refit-mult 1.5 --val-season 2024 --tag IC1V_idcohort --seeds 42
2026-08-09 19:33	HS-GPU	IC1A22_idcohort	cat	2022	2023	3	753	639.95	574.76	--model cat --feat-v2 --te p,pc,ph,b,pi --te-dev --feat-std --std-k 80 --std-to-prior --std-season-prior --feat-domain --feat-skill-pc --feat-id-cohort --lr 0.01 --es 500 --depth 8 --l2 10 --refit-mult 1.5 --drop-f-pre 2022 --seed 3 --max-train-season 2023 --val-season 2022 --test-season 2023 --tag IC1A22_idcohort
2026-08-09 19:34	HS-GPU	IC1A21_idcohort	cat	2021	2022	3	400	496.14	626.15	--model cat --feat-v2 --te p,pc,ph,b,pi --te-dev --feat-std --std-k 80 --std-to-prior --std-season-prior --feat-domain --feat-skill-pc --feat-id-cohort --lr 0.01 --es 500 --depth 8 --l2 10 --refit-mult 1.5 --drop-f-pre 2022 --seed 3 --max-train-season 2022 --val-season 2021 --test-season 2022 --tag IC1A21_idcohort
2026-08-09 19:39	HS-GPU	IC2Ap_pitcher_cohort	cat	2023	2024	3	781	571.91	870.16	--model cat --feat-v2 --te p,pc,ph,b,pi --te-dev --feat-std --std-k 80 --std-to-prior --std-season-prior --feat-domain --feat-skill-pc --feat-id-cohort --lr 0.01 --es 500 --depth 8 --l2 10 --refit-mult 1.5 --drop-f-pre 2022 --val-season 2023 --test-season 2024 --seed 3 --id-cohort-roles p --tag IC2Ap_pitcher_cohort
2026-08-09 19:41	DESKTOP-BT7ML7I	IC2Vp_pitcher_cohort	cat	2024		42	1281	911.00	nan	--model cat --feat-v2 --te p,pc,ph,b,pi --te-dev --feat-std --std-k 80 --std-to-prior --std-season-prior --feat-domain --feat-skill-pc --feat-id-cohort --id-cohort-roles p --lr 0.01 --es 500 --depth 8 --l2 10 --refit-mult 1.5 --val-season 2024 --seed 42 --tag IC2Vp_pitcher_cohort
2026-08-09 19:42	HS-GPU	IC2Ab_batter_cohort	cat	2023	2024	3	787	568.34	868.73	--model cat --feat-v2 --te p,pc,ph,b,pi --te-dev --feat-std --std-k 80 --std-to-prior --std-season-prior --feat-domain --feat-skill-pc --feat-id-cohort --lr 0.01 --es 500 --depth 8 --l2 10 --refit-mult 1.5 --drop-f-pre 2022 --val-season 2023 --test-season 2024 --seed 3 --id-cohort-roles b --tag IC2Ab_batter_cohort
2026-08-09 19:44	DESKTOP-BT7ML7I	IC2Vb_batter_cohort	cat	2024		42	1274	910.51	nan	--model cat --feat-v2 --te p,pc,ph,b,pi --te-dev --feat-std --std-k 80 --std-to-prior --std-season-prior --feat-domain --feat-skill-pc --feat-id-cohort --id-cohort-roles b --lr 0.01 --es 500 --depth 8 --l2 10 --refit-mult 1.5 --val-season 2024 --seed 42 --tag IC2Vb_batter_cohort
2026-08-09 20:26	HS-GPU	BR2A_brier	cat	2023	2024	3	792	573.38	866.65	--model cat --feat-v2 --te p,pc,ph,b,pi --te-dev --feat-std --std-k 80 --std-to-prior --std-season-prior --feat-domain --feat-skill-pc --lr 0.01 --es 500 --depth 8 --l2 10 --refit-mult 1.5 --drop-f-pre 2022 --val-season 2023 --test-season 2024 --seed 3 --eval-metric BrierScore --tag BR2A_brier
2026-08-09 20:32	DESKTOP-BT7ML7I	BR2V_brier	cat	2024		42	1260	912.56	nan	--model cat --feat-v2 --te p,pc,ph,b,pi --te-dev --feat-std --std-k 80 --std-to-prior --std-season-prior --feat-domain --feat-skill-pc --lr 0.01 --es 500 --depth 8 --l2 10 --refit-mult 1.5 --val-season 2024 --seed 42 --eval-metric BrierScore --tag BR2V_brier
2026-08-09 20:33	HS-GPU	DA1A_nodelta	cat	2023	2024	3	989	562.79	883.12	--model cat --feat-v2 --te p,pc,ph,b,pi --te-dev --feat-std --std-k 80 --std-to-prior --std-season-prior --feat-domain --feat-skill-pc --drop-cols std_asof_pitcher_success_rate_delta,std_asof_pitcher_reverse_rate_delta,std_asof_pitcher_middle_rate_delta,std_asof_pitcher_ball_rate_delta,std_asof_pitcher_strike_rate_delta,std_asof_batter_success_rate_delta,std_asof_batter_middle_rate_delta,std_asof_pitcher_fastball_rate_delta,std_asof_pitcher_breaking_rate_delta,std_asof_pitcher_offspeed_rate_delta --lr 0.01 --es 500 --depth 8 --l2 10 --refit-mult 1.5 --drop-f-pre 2022 --val-season 2023 --test-season 2024 --seed 3 --tag DA1A_nodelta
2026-08-09 20:39	DESKTOP-BT7ML7I	DA1V_nodelta	cat	2024		42	1102	919.77	nan	--model cat --feat-v2 --te p,pc,ph,b,pi --te-dev --feat-std --std-k 80 --std-to-prior --std-season-prior --feat-domain --feat-skill-pc --drop-cols std_asof_pitcher_success_rate_delta,std_asof_pitcher_reverse_rate_delta,std_asof_pitcher_middle_rate_delta,std_asof_pitcher_ball_rate_delta,std_asof_pitcher_strike_rate_delta,std_asof_batter_success_rate_delta,std_asof_batter_middle_rate_delta,std_asof_pitcher_fastball_rate_delta,std_asof_pitcher_breaking_rate_delta,std_asof_pitcher_offspeed_rate_delta --lr 0.01 --es 500 --depth 8 --l2 10 --refit-mult 1.5 --val-season 2024 --seed 42 --tag DA1V_nodelta
2026-08-09 20:41	HS-GPU	CI1A_cell5k	cat	2023	2024	3	4533	599.09	879.35	--model cat --feat-v2 --te p,pc,ph,b,pi --te-dev --feat-std --std-k 80 --std-to-prior --std-season-prior --feat-domain --feat-skill-pc --lr 0.01 --es 500 --l2 10 --refit-mult 1.5 --depth 5 --iters 5000 --failmode-cells --drop-f-pre 2022 --val-season 2023 --test-season 2024 --seed 3 --tag CI1A_cell5k
2026-08-09 20:44	DESKTOP-BT7ML7I	DA2V_nodelta_s42	cat	2024		42	1102	919.75	nan	--model cat --feat-v2 --te p,pc,ph,b,pi --te-dev --feat-std --std-k 80 --std-to-prior --std-season-prior --feat-domain --feat-skill-pc --drop-cols std_asof_pitcher_success_rate_delta,std_asof_pitcher_reverse_rate_delta,std_asof_pitcher_middle_rate_delta,std_asof_pitcher_ball_rate_delta,std_asof_pitcher_strike_rate_delta,std_asof_batter_success_rate_delta,std_asof_batter_middle_rate_delta,std_asof_pitcher_fastball_rate_delta,std_asof_pitcher_breaking_rate_delta,std_asof_pitcher_offspeed_rate_delta --lr 0.01 --es 500 --depth 8 --l2 10 --refit-mult 1.5 --val-season 2024 --seeds 42,7,13,3,4,5,6,8 --tag DA2V_nodelta
2026-08-09 20:45	HS-GPU	DA2A_nodelta_s3	cat	2023	2024	3	989	562.75	883.06	--model cat --feat-v2 --te p,pc,ph,b,pi --te-dev --feat-std --std-k 80 --std-to-prior --std-season-prior --feat-domain --feat-skill-pc --drop-cols std_asof_pitcher_success_rate_delta,std_asof_pitcher_reverse_rate_delta,std_asof_pitcher_middle_rate_delta,std_asof_pitcher_ball_rate_delta,std_asof_pitcher_strike_rate_delta,std_asof_batter_success_rate_delta,std_asof_batter_middle_rate_delta,std_asof_pitcher_fastball_rate_delta,std_asof_pitcher_breaking_rate_delta,std_asof_pitcher_offspeed_rate_delta --lr 0.01 --es 500 --depth 8 --l2 10 --refit-mult 1.5 --drop-f-pre 2022 --val-season 2023 --test-season 2024 --seeds 3,4,5,6,8,13 --tag DA2A_nodelta
2026-08-09 20:47	DESKTOP-BT7ML7I	DA2V_nodelta_s7	cat	2024		7	1190	913.50	nan	--model cat --feat-v2 --te p,pc,ph,b,pi --te-dev --feat-std --std-k 80 --std-to-prior --std-season-prior --feat-domain --feat-skill-pc --drop-cols std_asof_pitcher_success_rate_delta,std_asof_pitcher_reverse_rate_delta,std_asof_pitcher_middle_rate_delta,std_asof_pitcher_ball_rate_delta,std_asof_pitcher_strike_rate_delta,std_asof_batter_success_rate_delta,std_asof_batter_middle_rate_delta,std_asof_pitcher_fastball_rate_delta,std_asof_pitcher_breaking_rate_delta,std_asof_pitcher_offspeed_rate_delta --lr 0.01 --es 500 --depth 8 --l2 10 --refit-mult 1.5 --val-season 2024 --seeds 42,7,13,3,4,5,6,8 --tag DA2V_nodelta
2026-08-09 20:47	HS-GPU	DA2A_nodelta_s4	cat	2023	2024	4	943	587.48	881.93	--model cat --feat-v2 --te p,pc,ph,b,pi --te-dev --feat-std --std-k 80 --std-to-prior --std-season-prior --feat-domain --feat-skill-pc --drop-cols std_asof_pitcher_success_rate_delta,std_asof_pitcher_reverse_rate_delta,std_asof_pitcher_middle_rate_delta,std_asof_pitcher_ball_rate_delta,std_asof_pitcher_strike_rate_delta,std_asof_batter_success_rate_delta,std_asof_batter_middle_rate_delta,std_asof_pitcher_fastball_rate_delta,std_asof_pitcher_breaking_rate_delta,std_asof_pitcher_offspeed_rate_delta --lr 0.01 --es 500 --depth 8 --l2 10 --refit-mult 1.5 --drop-f-pre 2022 --val-season 2023 --test-season 2024 --seeds 3,4,5,6,8,13 --tag DA2A_nodelta
2026-08-09 20:50	HS-GPU	DA2A_nodelta_s5	cat	2023	2024	5	997	582.07	875.73	--model cat --feat-v2 --te p,pc,ph,b,pi --te-dev --feat-std --std-k 80 --std-to-prior --std-season-prior --feat-domain --feat-skill-pc --drop-cols std_asof_pitcher_success_rate_delta,std_asof_pitcher_reverse_rate_delta,std_asof_pitcher_middle_rate_delta,std_asof_pitcher_ball_rate_delta,std_asof_pitcher_strike_rate_delta,std_asof_batter_success_rate_delta,std_asof_batter_middle_rate_delta,std_asof_pitcher_fastball_rate_delta,std_asof_pitcher_breaking_rate_delta,std_asof_pitcher_offspeed_rate_delta --lr 0.01 --es 500 --depth 8 --l2 10 --refit-mult 1.5 --drop-f-pre 2022 --val-season 2023 --test-season 2024 --seeds 3,4,5,6,8,13 --tag DA2A_nodelta
2026-08-09 20:51	DESKTOP-BT7ML7I	DA2V_nodelta_s13	cat	2024		13	1479	913.14	nan	--model cat --feat-v2 --te p,pc,ph,b,pi --te-dev --feat-std --std-k 80 --std-to-prior --std-season-prior --feat-domain --feat-skill-pc --drop-cols std_asof_pitcher_success_rate_delta,std_asof_pitcher_reverse_rate_delta,std_asof_pitcher_middle_rate_delta,std_asof_pitcher_ball_rate_delta,std_asof_pitcher_strike_rate_delta,std_asof_batter_success_rate_delta,std_asof_batter_middle_rate_delta,std_asof_pitcher_fastball_rate_delta,std_asof_pitcher_breaking_rate_delta,std_asof_pitcher_offspeed_rate_delta --lr 0.01 --es 500 --depth 8 --l2 10 --refit-mult 1.5 --val-season 2024 --seeds 42,7,13,3,4,5,6,8 --tag DA2V_nodelta
2026-08-09 20:52	HS-GPU	DA2A_nodelta_s6	cat	2023	2024	6	659	566.52	875.83	--model cat --feat-v2 --te p,pc,ph,b,pi --te-dev --feat-std --std-k 80 --std-to-prior --std-season-prior --feat-domain --feat-skill-pc --drop-cols std_asof_pitcher_success_rate_delta,std_asof_pitcher_reverse_rate_delta,std_asof_pitcher_middle_rate_delta,std_asof_pitcher_ball_rate_delta,std_asof_pitcher_strike_rate_delta,std_asof_batter_success_rate_delta,std_asof_batter_middle_rate_delta,std_asof_pitcher_fastball_rate_delta,std_asof_pitcher_breaking_rate_delta,std_asof_pitcher_offspeed_rate_delta --lr 0.01 --es 500 --depth 8 --l2 10 --refit-mult 1.5 --drop-f-pre 2022 --val-season 2023 --test-season 2024 --seeds 3,4,5,6,8,13 --tag DA2A_nodelta
2026-08-09 20:54	DESKTOP-BT7ML7I	DA2V_nodelta_s3	cat	2024		3	1189	906.29	nan	--model cat --feat-v2 --te p,pc,ph,b,pi --te-dev --feat-std --std-k 80 --std-to-prior --std-season-prior --feat-domain --feat-skill-pc --drop-cols std_asof_pitcher_success_rate_delta,std_asof_pitcher_reverse_rate_delta,std_asof_pitcher_middle_rate_delta,std_asof_pitcher_ball_rate_delta,std_asof_pitcher_strike_rate_delta,std_asof_batter_success_rate_delta,std_asof_batter_middle_rate_delta,std_asof_pitcher_fastball_rate_delta,std_asof_pitcher_breaking_rate_delta,std_asof_pitcher_offspeed_rate_delta --lr 0.01 --es 500 --depth 8 --l2 10 --refit-mult 1.5 --val-season 2024 --seeds 42,7,13,3,4,5,6,8 --tag DA2V_nodelta
2026-08-09 20:54	HS-GPU	DA2A_nodelta_s8	cat	2023	2024	8	668	574.23	881.72	--model cat --feat-v2 --te p,pc,ph,b,pi --te-dev --feat-std --std-k 80 --std-to-prior --std-season-prior --feat-domain --feat-skill-pc --drop-cols std_asof_pitcher_success_rate_delta,std_asof_pitcher_reverse_rate_delta,std_asof_pitcher_middle_rate_delta,std_asof_pitcher_ball_rate_delta,std_asof_pitcher_strike_rate_delta,std_asof_batter_success_rate_delta,std_asof_batter_middle_rate_delta,std_asof_pitcher_fastball_rate_delta,std_asof_pitcher_breaking_rate_delta,std_asof_pitcher_offspeed_rate_delta --lr 0.01 --es 500 --depth 8 --l2 10 --refit-mult 1.5 --drop-f-pre 2022 --val-season 2023 --test-season 2024 --seeds 3,4,5,6,8,13 --tag DA2A_nodelta
2026-08-09 20:56	DESKTOP-BT7ML7I	DA2V_nodelta_s4	cat	2024		4	1171	911.23	nan	--model cat --feat-v2 --te p,pc,ph,b,pi --te-dev --feat-std --std-k 80 --std-to-prior --std-season-prior --feat-domain --feat-skill-pc --drop-cols std_asof_pitcher_success_rate_delta,std_asof_pitcher_reverse_rate_delta,std_asof_pitcher_middle_rate_delta,std_asof_pitcher_ball_rate_delta,std_asof_pitcher_strike_rate_delta,std_asof_batter_success_rate_delta,std_asof_batter_middle_rate_delta,std_asof_pitcher_fastball_rate_delta,std_asof_pitcher_breaking_rate_delta,std_asof_pitcher_offspeed_rate_delta --lr 0.01 --es 500 --depth 8 --l2 10 --refit-mult 1.5 --val-season 2024 --seeds 42,7,13,3,4,5,6,8 --tag DA2V_nodelta
2026-08-09 20:57	HS-GPU	DA2A_nodelta_s13	cat	2023	2024	13	841	577.01	877.29	--model cat --feat-v2 --te p,pc,ph,b,pi --te-dev --feat-std --std-k 80 --std-to-prior --std-season-prior --feat-domain --feat-skill-pc --drop-cols std_asof_pitcher_success_rate_delta,std_asof_pitcher_reverse_rate_delta,std_asof_pitcher_middle_rate_delta,std_asof_pitcher_ball_rate_delta,std_asof_pitcher_strike_rate_delta,std_asof_batter_success_rate_delta,std_asof_batter_middle_rate_delta,std_asof_pitcher_fastball_rate_delta,std_asof_pitcher_breaking_rate_delta,std_asof_pitcher_offspeed_rate_delta --lr 0.01 --es 500 --depth 8 --l2 10 --refit-mult 1.5 --drop-f-pre 2022 --val-season 2023 --test-season 2024 --seeds 3,4,5,6,8,13 --tag DA2A_nodelta
2026-08-09 20:59	DESKTOP-BT7ML7I	DA2V_nodelta_s5	cat	2024		5	844	904.24	nan	--model cat --feat-v2 --te p,pc,ph,b,pi --te-dev --feat-std --std-k 80 --std-to-prior --std-season-prior --feat-domain --feat-skill-pc --drop-cols std_asof_pitcher_success_rate_delta,std_asof_pitcher_reverse_rate_delta,std_asof_pitcher_middle_rate_delta,std_asof_pitcher_ball_rate_delta,std_asof_pitcher_strike_rate_delta,std_asof_batter_success_rate_delta,std_asof_batter_middle_rate_delta,std_asof_pitcher_fastball_rate_delta,std_asof_pitcher_breaking_rate_delta,std_asof_pitcher_offspeed_rate_delta --lr 0.01 --es 500 --depth 8 --l2 10 --refit-mult 1.5 --val-season 2024 --seeds 42,7,13,3,4,5,6,8 --tag DA2V_nodelta
2026-08-09 21:00	HS-GPU	DA3A22_nodelta	cat	2022	2023	3	1149	652.25	546.66	--model cat --feat-v2 --te p,pc,ph,b,pi --te-dev --feat-std --std-k 80 --std-to-prior --std-season-prior --feat-domain --feat-skill-pc --drop-cols std_asof_pitcher_success_rate_delta,std_asof_pitcher_reverse_rate_delta,std_asof_pitcher_middle_rate_delta,std_asof_pitcher_ball_rate_delta,std_asof_pitcher_strike_rate_delta,std_asof_batter_success_rate_delta,std_asof_batter_middle_rate_delta,std_asof_pitcher_fastball_rate_delta,std_asof_pitcher_breaking_rate_delta,std_asof_pitcher_offspeed_rate_delta --lr 0.01 --es 500 --depth 8 --l2 10 --refit-mult 1.5 --drop-f-pre 2022 --seed 3 --max-train-season 2023 --val-season 2022 --test-season 2023 --tag DA3A22_nodelta
2026-08-09 21:01	HS-GPU	DA3A21_nodelta	cat	2021	2022	3	386	487.71	628.44	--model cat --feat-v2 --te p,pc,ph,b,pi --te-dev --feat-std --std-k 80 --std-to-prior --std-season-prior --feat-domain --feat-skill-pc --drop-cols std_asof_pitcher_success_rate_delta,std_asof_pitcher_reverse_rate_delta,std_asof_pitcher_middle_rate_delta,std_asof_pitcher_ball_rate_delta,std_asof_pitcher_strike_rate_delta,std_asof_batter_success_rate_delta,std_asof_batter_middle_rate_delta,std_asof_pitcher_fastball_rate_delta,std_asof_pitcher_breaking_rate_delta,std_asof_pitcher_offspeed_rate_delta --lr 0.01 --es 500 --depth 8 --l2 10 --refit-mult 1.5 --drop-f-pre 2022 --seed 3 --max-train-season 2022 --val-season 2021 --test-season 2022 --tag DA3A21_nodelta
2026-08-09 21:02	DESKTOP-BT7ML7I	DA2V_nodelta_s6	cat	2024		6	1284	917.79	nan	--model cat --feat-v2 --te p,pc,ph,b,pi --te-dev --feat-std --std-k 80 --std-to-prior --std-season-prior --feat-domain --feat-skill-pc --drop-cols std_asof_pitcher_success_rate_delta,std_asof_pitcher_reverse_rate_delta,std_asof_pitcher_middle_rate_delta,std_asof_pitcher_ball_rate_delta,std_asof_pitcher_strike_rate_delta,std_asof_batter_success_rate_delta,std_asof_batter_middle_rate_delta,std_asof_pitcher_fastball_rate_delta,std_asof_pitcher_breaking_rate_delta,std_asof_pitcher_offspeed_rate_delta --lr 0.01 --es 500 --depth 8 --l2 10 --refit-mult 1.5 --val-season 2024 --seeds 42,7,13,3,4,5,6,8 --tag DA2V_nodelta
2026-08-09 21:05	DESKTOP-BT7ML7I	DA2V_nodelta_s8	cat	2024		8	1177	917.47	nan	--model cat --feat-v2 --te p,pc,ph,b,pi --te-dev --feat-std --std-k 80 --std-to-prior --std-season-prior --feat-domain --feat-skill-pc --drop-cols std_asof_pitcher_success_rate_delta,std_asof_pitcher_reverse_rate_delta,std_asof_pitcher_middle_rate_delta,std_asof_pitcher_ball_rate_delta,std_asof_pitcher_strike_rate_delta,std_asof_batter_success_rate_delta,std_asof_batter_middle_rate_delta,std_asof_pitcher_fastball_rate_delta,std_asof_pitcher_breaking_rate_delta,std_asof_pitcher_offspeed_rate_delta --lr 0.01 --es 500 --depth 8 --l2 10 --refit-mult 1.5 --val-season 2024 --seeds 42,7,13,3,4,5,6,8 --tag DA2V_nodelta
2026-08-09 21:07	HS-GPU	PM1A_nooffspeeddelta	cat	2023	2024	3	893	567.17	879.12	--model cat --feat-v2 --te p,pc,ph,b,pi --te-dev --feat-std --std-k 80 --std-to-prior --std-season-prior --feat-domain --feat-skill-pc --drop-cols std_asof_pitcher_offspeed_rate_delta --lr 0.01 --es 500 --depth 8 --l2 10 --refit-mult 1.5 --drop-f-pre 2022 --seed 3 --val-season 2023 --test-season 2024 --tag PM1A_nooffspeeddelta
2026-08-09 21:09	DESKTOP-BT7ML7I	PM1V_nooffspeeddelta	cat	2024		42	1006	910.22	nan	--model cat --feat-v2 --te p,pc,ph,b,pi --te-dev --feat-std --std-k 80 --std-to-prior --std-season-prior --feat-domain --feat-skill-pc --drop-cols std_asof_pitcher_offspeed_rate_delta --lr 0.01 --es 500 --depth 8 --l2 10 --refit-mult 1.5 --val-season 2024 --seed 42 --tag PM1V_nooffspeeddelta
2026-08-09 21:13	HS-GPU	LR5A	cat	2023	2024	3	1848	574.15	889.78	--model cat --feat-v2 --te p,pc,ph,b,pi --te-dev --feat-std --std-k 80 --std-to-prior --std-season-prior --feat-domain --feat-skill-pc --lr 0.005 --es 500 --depth 8 --l2 10 --refit-mult 1.5 --drop-f-pre 2022 --seed 3 --val-season 2023 --test-season 2024 --tag LR5A
2026-08-09 21:20	HS-GPU	LR5A22	cat	2022	2023	3	2854	650.66	551.20	--model cat --feat-v2 --te p,pc,ph,b,pi --te-dev --feat-std --std-k 80 --std-to-prior --std-season-prior --feat-domain --feat-skill-pc --lr 0.005 --es 500 --depth 8 --l2 10 --refit-mult 1.5 --drop-f-pre 2022 --seed 3 --max-train-season 2023 --val-season 2022 --test-season 2023 --tag LR5A22
2026-08-09 21:22	DESKTOP-BT7ML7I	LR5V	cat	2024		42	2294	911.49	nan	--model cat --feat-v2 --te p,pc,ph,b,pi --te-dev --feat-std --std-k 80 --std-to-prior --std-season-prior --feat-domain --feat-skill-pc --lr 0.005 --es 500 --depth 8 --l2 10 --refit-mult 1.5 --val-season 2024 --seed 42 --tag LR5V
2026-08-09 21:23	HS-GPU	LR5A21	cat	2021	2022	3	821	498.39	640.95	--model cat --feat-v2 --te p,pc,ph,b,pi --te-dev --feat-std --std-k 80 --std-to-prior --std-season-prior --feat-domain --feat-skill-pc --lr 0.005 --es 500 --depth 8 --l2 10 --refit-mult 1.5 --drop-f-pre 2022 --seed 3 --max-train-season 2022 --val-season 2021 --test-season 2022 --tag LR5A21
2026-08-09 21:27	DESKTOP-BT7ML7I	RS05V	cat	2024		42	1320	917.78	nan	--model cat --feat-v2 --te p,pc,ph,b,pi --te-dev --feat-std --std-k 80 --std-to-prior --std-season-prior --feat-domain --feat-skill-pc --lr 0.01 --es 500 --depth 8 --l2 10 --random-strength 0.5 --refit-mult 1.5 --val-season 2024 --seed 42 --tag RS05V
2026-08-09 21:27	HS-GPU	RS05A	cat	2023	2024	3	994	590.29	869.25	--model cat --feat-v2 --te p,pc,ph,b,pi --te-dev --feat-std --std-k 80 --std-to-prior --std-season-prior --feat-domain --feat-skill-pc --lr 0.01 --es 500 --depth 8 --l2 10 --random-strength 0.5 --refit-mult 1.5 --drop-f-pre 2022 --seed 3 --val-season 2023 --test-season 2024 --tag RS05A
2026-08-09 21:31	HS-GPU	L220A	cat	2023	2024	3	992	570.87	866.56	--model cat --feat-v2 --te p,pc,ph,b,pi --te-dev --feat-std --std-k 80 --std-to-prior --std-season-prior --feat-domain --feat-skill-pc --lr 0.01 --es 500 --depth 8 --l2 20 --refit-mult 1.5 --drop-f-pre 2022 --seed 3 --val-season 2023 --test-season 2024 --tag L220A
2026-08-09 21:32	DESKTOP-BT7ML7I	L220V	cat	2024		42	1163	916.58	nan	--model cat --feat-v2 --te p,pc,ph,b,pi --te-dev --feat-std --std-k 80 --std-to-prior --std-season-prior --feat-domain --feat-skill-pc --lr 0.01 --es 500 --depth 8 --l2 20 --refit-mult 1.5 --val-season 2024 --seed 42 --tag L220V
2026-08-09 21:35	HS-GPU	OD1A_nooutcomedelta	cat	2023	2024	3	917	568.39	873.54	--model cat --feat-v2 --te p,pc,ph,b,pi --te-dev --feat-std --std-k 80 --std-to-prior --std-season-prior --feat-domain --feat-skill-pc --drop-cols std_asof_pitcher_success_rate_delta,std_asof_pitcher_reverse_rate_delta,std_asof_pitcher_middle_rate_delta,std_asof_pitcher_ball_rate_delta,std_asof_pitcher_strike_rate_delta,std_asof_batter_success_rate_delta,std_asof_batter_middle_rate_delta --lr 0.01 --es 500 --depth 8 --l2 10 --refit-mult 1.5 --drop-f-pre 2022 --seed 3 --val-season 2023 --test-season 2024 --tag OD1A_nooutcomedelta
2026-08-09 21:36	DESKTOP-BT7ML7I	OD1V_nooutcomedelta	cat	2024		42	1120	907.70	nan	--model cat --feat-v2 --te p,pc,ph,b,pi --te-dev --feat-std --std-k 80 --std-to-prior --std-season-prior --feat-domain --feat-skill-pc --drop-cols std_asof_pitcher_success_rate_delta,std_asof_pitcher_reverse_rate_delta,std_asof_pitcher_middle_rate_delta,std_asof_pitcher_ball_rate_delta,std_asof_pitcher_strike_rate_delta,std_asof_batter_success_rate_delta,std_asof_batter_middle_rate_delta --lr 0.01 --es 500 --depth 8 --l2 10 --refit-mult 1.5 --val-season 2024 --seed 42 --tag OD1V_nooutcomedelta
2026-08-09 21:40	DESKTOP-BT7ML7I	PD1V_nopitchmixdelta	cat	2024		42	1129	903.64	nan	--model cat --feat-v2 --te p,pc,ph,b,pi --te-dev --feat-std --std-k 80 --std-to-prior --std-season-prior --feat-domain --feat-skill-pc --drop-cols std_asof_pitcher_fastball_rate_delta,std_asof_pitcher_breaking_rate_delta,std_asof_pitcher_offspeed_rate_delta --lr 0.01 --es 500 --depth 8 --l2 10 --refit-mult 1.5 --val-season 2024 --seed 42 --tag PD1V_nopitchmixdelta
2026-08-09 21:40	HS-GPU	PD1A_nopitchmixdelta	cat	2023	2024	3	805	573.43	873.80	--model cat --feat-v2 --te p,pc,ph,b,pi --te-dev --feat-std --std-k 80 --std-to-prior --std-season-prior --feat-domain --feat-skill-pc --drop-cols std_asof_pitcher_fastball_rate_delta,std_asof_pitcher_breaking_rate_delta,std_asof_pitcher_offspeed_rate_delta --lr 0.01 --es 500 --depth 8 --l2 10 --refit-mult 1.5 --drop-f-pre 2022 --seed 3 --val-season 2023 --test-season 2024 --tag PD1A_nopitchmixdelta
2026-08-09 21:45	DESKTOP-BT7ML7I	RS2V_core	cat	2024		42	1482	902.38	nan	--model cat --feat-v2 --te p,pc,ph,b,pi --te-dev --feat-std --std-k 80 --std-to-prior --std-season-prior --feat-domain --feat-skill-pc --lr 0.01 --es 500 --depth 8 --l2 10 --random-strength 2 --refit-mult 1.5 --val-season 2024 --seed 42 --tag RS2V_core
2026-08-09 21:45	HS-GPU	RS2A_core	cat	2023	2024	3	931	546.90	875.52	--model cat --feat-v2 --te p,pc,ph,b,pi --te-dev --feat-std --std-k 80 --std-to-prior --std-season-prior --feat-domain --feat-skill-pc --lr 0.01 --es 500 --depth 8 --l2 10 --random-strength 2 --refit-mult 1.5 --drop-f-pre 2022 --seed 3 --val-season 2023 --test-season 2024 --tag RS2A_core
2026-08-09 21:54	HS-GPU	CE1A_lr5_s4	cat	2023	2024	4	1211	577.05	872.41	--model cat --feat-v2 --te p,pc,ph,b,pi --te-dev --feat-std --std-k 80 --std-to-prior --std-season-prior --feat-domain --feat-skill-pc --es 500 --depth 8 --l2 10 --refit-mult 1.5 --drop-f-pre 2022 --val-season 2023 --test-season 2024 --seeds 4,5,6,8,13 --lr 0.005 --tag CE1A_lr5
2026-08-09 21:56	DESKTOP-BT7ML7I	CE1V_lr5_s7	cat	2024		7	2747	916.95	nan	--model cat --feat-v2 --te p,pc,ph,b,pi --te-dev --feat-std --std-k 80 --std-to-prior --std-season-prior --feat-domain --feat-skill-pc --es 500 --depth 8 --l2 10 --refit-mult 1.5 --val-season 2024 --seeds 7,13,3,4,5,6,8 --lr 0.005 --tag CE1V_lr5
2026-08-09 21:59	HS-GPU	CE1A_lr5_s5	cat	2023	2024	5	1773	594.93	884.58	--model cat --feat-v2 --te p,pc,ph,b,pi --te-dev --feat-std --std-k 80 --std-to-prior --std-season-prior --feat-domain --feat-skill-pc --es 500 --depth 8 --l2 10 --refit-mult 1.5 --drop-f-pre 2022 --val-season 2023 --test-season 2024 --seeds 4,5,6,8,13 --lr 0.005 --tag CE1A_lr5
2026-08-09 22:02	DESKTOP-BT7ML7I	CE1V_lr5_s13	cat	2024		13	2795	916.12	nan	--model cat --feat-v2 --te p,pc,ph,b,pi --te-dev --feat-std --std-k 80 --std-to-prior --std-season-prior --feat-domain --feat-skill-pc --es 500 --depth 8 --l2 10 --refit-mult 1.5 --val-season 2024 --seeds 7,13,3,4,5,6,8 --lr 0.005 --tag CE1V_lr5
2026-08-09 22:04	HS-GPU	CE1A_lr5_s6	cat	2023	2024	6	2171	588.90	887.81	--model cat --feat-v2 --te p,pc,ph,b,pi --te-dev --feat-std --std-k 80 --std-to-prior --std-season-prior --feat-domain --feat-skill-pc --es 500 --depth 8 --l2 10 --refit-mult 1.5 --drop-f-pre 2022 --val-season 2023 --test-season 2024 --seeds 4,5,6,8,13 --lr 0.005 --tag CE1A_lr5
2026-08-09 22:08	DESKTOP-BT7ML7I	CE1V_lr5_s3	cat	2024		3	2352	921.02	nan	--model cat --feat-v2 --te p,pc,ph,b,pi --te-dev --feat-std --std-k 80 --std-to-prior --std-season-prior --feat-domain --feat-skill-pc --es 500 --depth 8 --l2 10 --refit-mult 1.5 --val-season 2024 --seeds 7,13,3,4,5,6,8 --lr 0.005 --tag CE1V_lr5
2026-08-09 22:08	HS-GPU	CE1A_lr5_s8	cat	2023	2024	8	1421	589.97	881.71	--model cat --feat-v2 --te p,pc,ph,b,pi --te-dev --feat-std --std-k 80 --std-to-prior --std-season-prior --feat-domain --feat-skill-pc --es 500 --depth 8 --l2 10 --refit-mult 1.5 --drop-f-pre 2022 --val-season 2023 --test-season 2024 --seeds 4,5,6,8,13 --lr 0.005 --tag CE1A_lr5
2026-08-09 22:12	DESKTOP-BT7ML7I	CE1V_lr5_s4	cat	2024		4	1969	910.33	nan	--model cat --feat-v2 --te p,pc,ph,b,pi --te-dev --feat-std --std-k 80 --std-to-prior --std-season-prior --feat-domain --feat-skill-pc --es 500 --depth 8 --l2 10 --refit-mult 1.5 --val-season 2024 --seeds 7,13,3,4,5,6,8 --lr 0.005 --tag CE1V_lr5
2026-08-09 22:12	HS-GPU	CE1A_lr5_s13	cat	2023	2024	13	1707	583.94	874.33	--model cat --feat-v2 --te p,pc,ph,b,pi --te-dev --feat-std --std-k 80 --std-to-prior --std-season-prior --feat-domain --feat-skill-pc --es 500 --depth 8 --l2 10 --refit-mult 1.5 --drop-f-pre 2022 --val-season 2023 --test-season 2024 --seeds 4,5,6,8,13 --lr 0.005 --tag CE1A_lr5
2026-08-09 22:15	HS-GPU	CE1A_rs05_s4	cat	2023	2024	4	908	610.43	880.27	--model cat --feat-v2 --te p,pc,ph,b,pi --te-dev --feat-std --std-k 80 --std-to-prior --std-season-prior --feat-domain --feat-skill-pc --es 500 --depth 8 --l2 10 --refit-mult 1.5 --drop-f-pre 2022 --val-season 2023 --test-season 2024 --seeds 4,5,6,8,13 --lr 0.01 --random-strength 0.5 --tag CE1A_rs05
2026-08-09 22:18	DESKTOP-BT7ML7I	CE1V_lr5_s5	cat	2024		5	2372	912.08	nan	--model cat --feat-v2 --te p,pc,ph,b,pi --te-dev --feat-std --std-k 80 --std-to-prior --std-season-prior --feat-domain --feat-skill-pc --es 500 --depth 8 --l2 10 --refit-mult 1.5 --val-season 2024 --seeds 7,13,3,4,5,6,8 --lr 0.005 --tag CE1V_lr5
2026-08-09 22:18	HS-GPU	CE1A_rs05_s5	cat	2023	2024	5	936	604.19	867.32	--model cat --feat-v2 --te p,pc,ph,b,pi --te-dev --feat-std --std-k 80 --std-to-prior --std-season-prior --feat-domain --feat-skill-pc --es 500 --depth 8 --l2 10 --refit-mult 1.5 --drop-f-pre 2022 --val-season 2023 --test-season 2024 --seeds 4,5,6,8,13 --lr 0.01 --random-strength 0.5 --tag CE1A_rs05
2026-08-09 22:20	HS-GPU	CE1A_rs05_s6	cat	2023	2024	6	638	587.21	872.98	--model cat --feat-v2 --te p,pc,ph,b,pi --te-dev --feat-std --std-k 80 --std-to-prior --std-season-prior --feat-domain --feat-skill-pc --es 500 --depth 8 --l2 10 --refit-mult 1.5 --drop-f-pre 2022 --val-season 2023 --test-season 2024 --seeds 4,5,6,8,13 --lr 0.01 --random-strength 0.5 --tag CE1A_rs05
2026-08-09 22:22	HS-GPU	CE1A_rs05_s8	cat	2023	2024	8	875	600.83	865.18	--model cat --feat-v2 --te p,pc,ph,b,pi --te-dev --feat-std --std-k 80 --std-to-prior --std-season-prior --feat-domain --feat-skill-pc --es 500 --depth 8 --l2 10 --refit-mult 1.5 --drop-f-pre 2022 --val-season 2023 --test-season 2024 --seeds 4,5,6,8,13 --lr 0.01 --random-strength 0.5 --tag CE1A_rs05
2026-08-09 22:24	DESKTOP-BT7ML7I	CE1V_lr5_s6	cat	2024		6	2969	921.88	nan	--model cat --feat-v2 --te p,pc,ph,b,pi --te-dev --feat-std --std-k 80 --std-to-prior --std-season-prior --feat-domain --feat-skill-pc --es 500 --depth 8 --l2 10 --refit-mult 1.5 --val-season 2024 --seeds 7,13,3,4,5,6,8 --lr 0.005 --tag CE1V_lr5
2026-08-09 22:24	HS-GPU	CE1A_rs05_s13	cat	2023	2024	13	757	599.39	869.62	--model cat --feat-v2 --te p,pc,ph,b,pi --te-dev --feat-std --std-k 80 --std-to-prior --std-season-prior --feat-domain --feat-skill-pc --es 500 --depth 8 --l2 10 --refit-mult 1.5 --drop-f-pre 2022 --val-season 2023 --test-season 2024 --seeds 4,5,6,8,13 --lr 0.01 --random-strength 0.5 --tag CE1A_rs05
2026-08-09 22:29	DESKTOP-BT7ML7I	CE1V_lr5_s8	cat	2024		8	2212	917.18	nan	--model cat --feat-v2 --te p,pc,ph,b,pi --te-dev --feat-std --std-k 80 --std-to-prior --std-season-prior --feat-domain --feat-skill-pc --es 500 --depth 8 --l2 10 --refit-mult 1.5 --val-season 2024 --seeds 7,13,3,4,5,6,8 --lr 0.005 --tag CE1V_lr5
2026-08-09 22:29	HS-GPU	CE1A_rs2_s4	cat	2023	2024	4	1692	576.44	871.56	--model cat --feat-v2 --te p,pc,ph,b,pi --te-dev --feat-std --std-k 80 --std-to-prior --std-season-prior --feat-domain --feat-skill-pc --es 500 --depth 8 --l2 10 --refit-mult 1.5 --drop-f-pre 2022 --val-season 2023 --test-season 2024 --seeds 4,5,6,8,13 --lr 0.01 --random-strength 2 --tag CE1A_rs2
2026-08-09 22:31	HS-GPU	CE1A_rs2_s5	cat	2023	2024	5	821	560.22	873.73	--model cat --feat-v2 --te p,pc,ph,b,pi --te-dev --feat-std --std-k 80 --std-to-prior --std-season-prior --feat-domain --feat-skill-pc --es 500 --depth 8 --l2 10 --refit-mult 1.5 --drop-f-pre 2022 --val-season 2023 --test-season 2024 --seeds 4,5,6,8,13 --lr 0.01 --random-strength 2 --tag CE1A_rs2
2026-08-09 22:32	DESKTOP-BT7ML7I	CE1V_rs05_s7	cat	2024		7	968	912.86	nan	--model cat --feat-v2 --te p,pc,ph,b,pi --te-dev --feat-std --std-k 80 --std-to-prior --std-season-prior --feat-domain --feat-skill-pc --es 500 --depth 8 --l2 10 --refit-mult 1.5 --val-season 2024 --seeds 7,13,3,4,5,6,8 --lr 0.01 --random-strength 0.5 --tag CE1V_rs05
2026-08-09 22:33	HS-GPU	CE1A_rs2_s6	cat	2023	2024	6	635	543.64	855.66	--model cat --feat-v2 --te p,pc,ph,b,pi --te-dev --feat-std --std-k 80 --std-to-prior --std-season-prior --feat-domain --feat-skill-pc --es 500 --depth 8 --l2 10 --refit-mult 1.5 --drop-f-pre 2022 --val-season 2023 --test-season 2024 --seeds 4,5,6,8,13 --lr 0.01 --random-strength 2 --tag CE1A_rs2
2026-08-09 22:34	DESKTOP-BT7ML7I	CE1V_rs05_s13	cat	2024		13	911	917.26	nan	--model cat --feat-v2 --te p,pc,ph,b,pi --te-dev --feat-std --std-k 80 --std-to-prior --std-season-prior --feat-domain --feat-skill-pc --es 500 --depth 8 --l2 10 --refit-mult 1.5 --val-season 2024 --seeds 7,13,3,4,5,6,8 --lr 0.01 --random-strength 0.5 --tag CE1V_rs05
2026-08-09 22:36	HS-GPU	CE1A_rs2_s8	cat	2023	2024	8	973	546.97	873.25	--model cat --feat-v2 --te p,pc,ph,b,pi --te-dev --feat-std --std-k 80 --std-to-prior --std-season-prior --feat-domain --feat-skill-pc --es 500 --depth 8 --l2 10 --refit-mult 1.5 --drop-f-pre 2022 --val-season 2023 --test-season 2024 --seeds 4,5,6,8,13 --lr 0.01 --random-strength 2 --tag CE1A_rs2
2026-08-09 22:37	DESKTOP-BT7ML7I	CE1V_rs05_s3	cat	2024		3	1092	913.87	nan	--model cat --feat-v2 --te p,pc,ph,b,pi --te-dev --feat-std --std-k 80 --std-to-prior --std-season-prior --feat-domain --feat-skill-pc --es 500 --depth 8 --l2 10 --refit-mult 1.5 --val-season 2024 --seeds 7,13,3,4,5,6,8 --lr 0.01 --random-strength 0.5 --tag CE1V_rs05
2026-08-09 22:38	HS-GPU	CE1A_rs2_s13	cat	2023	2024	13	739	547.16	866.70	--model cat --feat-v2 --te p,pc,ph,b,pi --te-dev --feat-std --std-k 80 --std-to-prior --std-season-prior --feat-domain --feat-skill-pc --es 500 --depth 8 --l2 10 --refit-mult 1.5 --drop-f-pre 2022 --val-season 2023 --test-season 2024 --seeds 4,5,6,8,13 --lr 0.01 --random-strength 2 --tag CE1A_rs2
2026-08-09 22:40	DESKTOP-BT7ML7I	CE1V_rs05_s4	cat	2024		4	1166	918.67	nan	--model cat --feat-v2 --te p,pc,ph,b,pi --te-dev --feat-std --std-k 80 --std-to-prior --std-season-prior --feat-domain --feat-skill-pc --es 500 --depth 8 --l2 10 --refit-mult 1.5 --val-season 2024 --seeds 7,13,3,4,5,6,8 --lr 0.01 --random-strength 0.5 --tag CE1V_rs05
2026-08-09 22:44	DESKTOP-BT7ML7I	CE1V_rs05_s5	cat	2024		5	1701	909.85	nan	--model cat --feat-v2 --te p,pc,ph,b,pi --te-dev --feat-std --std-k 80 --std-to-prior --std-season-prior --feat-domain --feat-skill-pc --es 500 --depth 8 --l2 10 --refit-mult 1.5 --val-season 2024 --seeds 7,13,3,4,5,6,8 --lr 0.01 --random-strength 0.5 --tag CE1V_rs05
2026-08-09 22:47	DESKTOP-BT7ML7I	CE1V_rs05_s6	cat	2024		6	1117	914.08	nan	--model cat --feat-v2 --te p,pc,ph,b,pi --te-dev --feat-std --std-k 80 --std-to-prior --std-season-prior --feat-domain --feat-skill-pc --es 500 --depth 8 --l2 10 --refit-mult 1.5 --val-season 2024 --seeds 7,13,3,4,5,6,8 --lr 0.01 --random-strength 0.5 --tag CE1V_rs05
2026-08-09 22:49	DESKTOP-BT7ML7I	CE1V_rs05_s8	cat	2024		8	1042	919.55	nan	--model cat --feat-v2 --te p,pc,ph,b,pi --te-dev --feat-std --std-k 80 --std-to-prior --std-season-prior --feat-domain --feat-skill-pc --es 500 --depth 8 --l2 10 --refit-mult 1.5 --val-season 2024 --seeds 7,13,3,4,5,6,8 --lr 0.01 --random-strength 0.5 --tag CE1V_rs05
2026-08-09 22:53	DESKTOP-BT7ML7I	CE1V_rs2_s7	cat	2024		7	1628	912.59	nan	--model cat --feat-v2 --te p,pc,ph,b,pi --te-dev --feat-std --std-k 80 --std-to-prior --std-season-prior --feat-domain --feat-skill-pc --es 500 --depth 8 --l2 10 --refit-mult 1.5 --val-season 2024 --seeds 7,13,3,4,5,6,8 --lr 0.01 --random-strength 2 --tag CE1V_rs2
2026-08-09 22:56	DESKTOP-BT7ML7I	CE1V_rs2_s13	cat	2024		13	1297	905.96	nan	--model cat --feat-v2 --te p,pc,ph,b,pi --te-dev --feat-std --std-k 80 --std-to-prior --std-season-prior --feat-domain --feat-skill-pc --es 500 --depth 8 --l2 10 --refit-mult 1.5 --val-season 2024 --seeds 7,13,3,4,5,6,8 --lr 0.01 --random-strength 2 --tag CE1V_rs2
2026-08-09 23:00	DESKTOP-BT7ML7I	CE1V_rs2_s3	cat	2024		3	1544	906.26	nan	--model cat --feat-v2 --te p,pc,ph,b,pi --te-dev --feat-std --std-k 80 --std-to-prior --std-season-prior --feat-domain --feat-skill-pc --es 500 --depth 8 --l2 10 --refit-mult 1.5 --val-season 2024 --seeds 7,13,3,4,5,6,8 --lr 0.01 --random-strength 2 --tag CE1V_rs2
2026-08-09 23:03	DESKTOP-BT7ML7I	CE1V_rs2_s4	cat	2024		4	957	908.19	nan	--model cat --feat-v2 --te p,pc,ph,b,pi --te-dev --feat-std --std-k 80 --std-to-prior --std-season-prior --feat-domain --feat-skill-pc --es 500 --depth 8 --l2 10 --refit-mult 1.5 --val-season 2024 --seeds 7,13,3,4,5,6,8 --lr 0.01 --random-strength 2 --tag CE1V_rs2
2026-08-09 23:06	DESKTOP-BT7ML7I	CE1V_rs2_s5	cat	2024		5	1451	904.49	nan	--model cat --feat-v2 --te p,pc,ph,b,pi --te-dev --feat-std --std-k 80 --std-to-prior --std-season-prior --feat-domain --feat-skill-pc --es 500 --depth 8 --l2 10 --refit-mult 1.5 --val-season 2024 --seeds 7,13,3,4,5,6,8 --lr 0.01 --random-strength 2 --tag CE1V_rs2
2026-08-09 23:09	DESKTOP-BT7ML7I	CE1V_rs2_s6	cat	2024		6	973	912.62	nan	--model cat --feat-v2 --te p,pc,ph,b,pi --te-dev --feat-std --std-k 80 --std-to-prior --std-season-prior --feat-domain --feat-skill-pc --es 500 --depth 8 --l2 10 --refit-mult 1.5 --val-season 2024 --seeds 7,13,3,4,5,6,8 --lr 0.01 --random-strength 2 --tag CE1V_rs2
2026-08-09 23:12	DESKTOP-BT7ML7I	CE1V_rs2_s8	cat	2024		8	1167	911.73	nan	--model cat --feat-v2 --te p,pc,ph,b,pi --te-dev --feat-std --std-k 80 --std-to-prior --std-season-prior --feat-domain --feat-skill-pc --es 500 --depth 8 --l2 10 --refit-mult 1.5 --val-season 2024 --seeds 7,13,3,4,5,6,8 --lr 0.01 --random-strength 2 --tag CE1V_rs2
2026-08-11 14:45	rohjinsan	MVA_native	cat	2023	2024	42	826	611.74	876.90	--model cat --feat-v2 --te p,pc,ph,b,pi --te-dev --feat-std --std-k 80 --std-to-prior --std-season-prior --feat-domain --feat-skill-pc --lr 0.01 --es 500 --depth 8 --l2 10 --refit-mult 1.5 --drop-f-pre 2022 --val-season 2023 --test-season 2024 --seed 42 --missing-strategy native --tag MVA_native
2026-08-11 14:48	rohjinsan	MVA_zero	cat	2023	2024	42	599	605.34	869.11	--model cat --feat-v2 --te p,pc,ph,b,pi --te-dev --feat-std --std-k 80 --std-to-prior --std-season-prior --feat-domain --feat-skill-pc --lr 0.01 --es 500 --depth 8 --l2 10 --refit-mult 1.5 --drop-f-pre 2022 --val-season 2023 --test-season 2024 --seed 42 --missing-strategy zero --tag MVA_zero
2026-08-11 14:51	rohjinsan	MVA_minus1	cat	2023	2024	42	599	605.33	869.85	--model cat --feat-v2 --te p,pc,ph,b,pi --te-dev --feat-std --std-k 80 --std-to-prior --std-season-prior --feat-domain --feat-skill-pc --lr 0.01 --es 500 --depth 8 --l2 10 --refit-mult 1.5 --drop-f-pre 2022 --val-season 2023 --test-season 2024 --seed 42 --missing-strategy minus1 --tag MVA_minus1
2026-08-11 14:54	rohjinsan	MVA_mean	cat	2023	2024	42	624	602.56	867.00	--model cat --feat-v2 --te p,pc,ph,b,pi --te-dev --feat-std --std-k 80 --std-to-prior --std-season-prior --feat-domain --feat-skill-pc --lr 0.01 --es 500 --depth 8 --l2 10 --refit-mult 1.5 --drop-f-pre 2022 --val-season 2023 --test-season 2024 --seed 42 --missing-strategy mean --tag MVA_mean
2026-08-11 14:57	rohjinsan	MVA_median	cat	2023	2024	42	649	608.32	864.83	--model cat --feat-v2 --te p,pc,ph,b,pi --te-dev --feat-std --std-k 80 --std-to-prior --std-season-prior --feat-domain --feat-skill-pc --lr 0.01 --es 500 --depth 8 --l2 10 --refit-mult 1.5 --drop-f-pre 2022 --val-season 2023 --test-season 2024 --seed 42 --missing-strategy median --tag MVA_median
2026-08-11 15:00	rohjinsan	MVA_semantic	cat	2023	2024	42	629	605.77	866.73	--model cat --feat-v2 --te p,pc,ph,b,pi --te-dev --feat-std --std-k 80 --std-to-prior --std-season-prior --feat-domain --feat-skill-pc --lr 0.01 --es 500 --depth 8 --l2 10 --refit-mult 1.5 --drop-f-pre 2022 --val-season 2023 --test-season 2024 --seed 42 --missing-strategy semantic --tag MVA_semantic
2026-08-11 15:04	rohjinsan	MVA_nativeind	cat	2023	2024	42	816	611.18	870.32	--model cat --feat-v2 --te p,pc,ph,b,pi --te-dev --feat-std --std-k 80 --std-to-prior --std-season-prior --feat-domain --feat-skill-pc --lr 0.01 --es 500 --depth 8 --l2 10 --refit-mult 1.5 --drop-f-pre 2022 --val-season 2023 --test-season 2024 --seed 42 --missing-strategy native_ind --tag MVA_nativeind
2026-08-11 15:07	rohjinsan	MVA_semanticind	cat	2023	2024	42	667	605.53	869.43	--model cat --feat-v2 --te p,pc,ph,b,pi --te-dev --feat-std --std-k 80 --std-to-prior --std-season-prior --feat-domain --feat-skill-pc --lr 0.01 --es 500 --depth 8 --l2 10 --refit-mult 1.5 --drop-f-pre 2022 --val-season 2023 --test-season 2024 --seed 42 --missing-strategy semantic_ind --tag MVA_semanticind
2026-08-11 15:12	rohjinsan	RR_reverse	cat	2023	2024	42	635	610.72	867.61	--model cat --feat-v2 --te p,pc,ph,b,pi --te-dev --feat-std --std-k 80 --std-to-prior --std-season-prior --feat-domain --feat-skill-pc --lr 0.01 --es 500 --depth 8 --l2 10 --refit-mult 1.5 --drop-f-pre 2022 --val-season 2023 --test-season 2024 --seed 42 --feat-recent-relation reverse --tag RR_reverse
2026-08-11 15:15	rohjinsan	RR_career	cat	2023	2024	42	616	604.43	867.60	--model cat --feat-v2 --te p,pc,ph,b,pi --te-dev --feat-std --std-k 80 --std-to-prior --std-season-prior --feat-domain --feat-skill-pc --lr 0.01 --es 500 --depth 8 --l2 10 --refit-mult 1.5 --drop-f-pre 2022 --val-season 2023 --test-season 2024 --seed 42 --feat-recent-relation career --tag RR_career
2026-08-11 15:25	rohjinsan	LRUN1	cat	2023	2024	42	880	609.51	864.99	--model cat --feat-v2 --te p,pc,ph,b,pi --te-dev --feat-std --std-k 80 --std-to-prior --std-season-prior --feat-domain --feat-skill-pc --lr 0.01 --es 500 --depth 8 --l2 10 --refit-mult 1.5 --drop-f-pre 2022 --val-season 2023 --test-season 2024 --seed 42 --feat-league-runner --tag LRUN1
2026-08-11 15:31	rohjinsan	MVB22_native	cat	2022	2023	42	1425	2396.60	0.00	--model cat --feat-v2 --te p,pc,ph,b,pi --te-dev --feat-std --std-k 80 --std-to-prior --std-season-prior --feat-domain --feat-skill-pc --lr 0.01 --es 500 --depth 8 --l2 10 --refit-mult 1.5 --val-season 2022 --test-season 2023 --seed 42 --tag MVB22_native
2026-08-11 15:36	rohjinsan	CTR2	cat	2023	2024	42	777	609.05	878.29	--model cat --feat-v2 --te p,pc,ph,b,pi --te-dev --feat-std --std-k 80 --std-to-prior --std-season-prior --feat-domain --feat-skill-pc --lr 0.01 --es 500 --depth 8 --l2 10 --refit-mult 1.5 --drop-f-pre 2022 --val-season 2023 --test-season 2024 --seed 42 --max-ctr-complexity 2 --tag CTR2
2026-08-11 15:42	rohjinsan	CTR2_H22	cat	2022	2023	42	1451	2398.70	0.00	--model cat --feat-v2 --te p,pc,ph,b,pi --te-dev --feat-std --std-k 80 --std-to-prior --std-season-prior --feat-domain --feat-skill-pc --lr 0.01 --es 500 --depth 8 --l2 10 --refit-mult 1.5 --val-season 2022 --test-season 2023 --seed 42 --max-ctr-complexity 2 --tag CTR2_H22
2026-08-11 15:48	rohjinsan	CTR3	cat	2023	2024	42	826	609.35	880.24	--model cat --feat-v2 --te p,pc,ph,b,pi --te-dev --feat-std --std-k 80 --std-to-prior --std-season-prior --feat-domain --feat-skill-pc --lr 0.01 --es 500 --depth 8 --l2 10 --refit-mult 1.5 --drop-f-pre 2022 --val-season 2023 --test-season 2024 --seed 42 --max-ctr-complexity 3 --tag CTR3
2026-08-11 15:52	rohjinsan	CTR3_H22	cat	2022	2023	42	1075	2396.30	0.00	--model cat --feat-v2 --te p,pc,ph,b,pi --te-dev --feat-std --std-k 80 --std-to-prior --std-season-prior --feat-domain --feat-skill-pc --lr 0.01 --es 500 --depth 8 --l2 10 --refit-mult 1.5 --val-season 2022 --test-season 2023 --seed 42 --max-ctr-complexity 3 --tag CTR3_H22
2026-08-11 15:56	rohjinsan	MVN3_s3	cat	2023	2024	3	663	582.52	860.38	--model cat --feat-v2 --te p,pc,ph,b,pi --te-dev --feat-std --std-k 80 --std-to-prior --std-season-prior --feat-domain --feat-skill-pc --lr 0.01 --es 500 --depth 8 --l2 10 --refit-mult 1.5 --drop-f-pre 2022 --val-season 2023 --test-season 2024 --seeds 3,4,5 --tag MVN3
2026-08-11 15:59	rohjinsan	MVN3_s4	cat	2023	2024	4	744	595.19	872.00	--model cat --feat-v2 --te p,pc,ph,b,pi --te-dev --feat-std --std-k 80 --std-to-prior --std-season-prior --feat-domain --feat-skill-pc --lr 0.01 --es 500 --depth 8 --l2 10 --refit-mult 1.5 --drop-f-pre 2022 --val-season 2023 --test-season 2024 --seeds 3,4,5 --tag MVN3
2026-08-11 16:01	rohjinsan	MVN3_s5	cat	2023	2024	5	838	589.73	871.72	--model cat --feat-v2 --te p,pc,ph,b,pi --te-dev --feat-std --std-k 80 --std-to-prior --std-season-prior --feat-domain --feat-skill-pc --lr 0.01 --es 500 --depth 8 --l2 10 --refit-mult 1.5 --drop-f-pre 2022 --val-season 2023 --test-season 2024 --seeds 3,4,5 --tag MVN3
2026-08-11 16:05	rohjinsan	CTR3N3_s3	cat	2023	2024	3	790	588.11	864.92	--model cat --feat-v2 --te p,pc,ph,b,pi --te-dev --feat-std --std-k 80 --std-to-prior --std-season-prior --feat-domain --feat-skill-pc --lr 0.01 --es 500 --depth 8 --l2 10 --refit-mult 1.5 --drop-f-pre 2022 --val-season 2023 --test-season 2024 --seeds 3,4,5 --max-ctr-complexity 3 --tag CTR3N3
2026-08-11 16:08	rohjinsan	CTR3N3_s4	cat	2023	2024	4	750	593.06	871.31	--model cat --feat-v2 --te p,pc,ph,b,pi --te-dev --feat-std --std-k 80 --std-to-prior --std-season-prior --feat-domain --feat-skill-pc --lr 0.01 --es 500 --depth 8 --l2 10 --refit-mult 1.5 --drop-f-pre 2022 --val-season 2023 --test-season 2024 --seeds 3,4,5 --max-ctr-complexity 3 --tag CTR3N3
2026-08-11 16:10	rohjinsan	CTR3N3_s5	cat	2023	2024	5	761	594.75	870.24	--model cat --feat-v2 --te p,pc,ph,b,pi --te-dev --feat-std --std-k 80 --std-to-prior --std-season-prior --feat-domain --feat-skill-pc --lr 0.01 --es 500 --depth 8 --l2 10 --refit-mult 1.5 --drop-f-pre 2022 --val-season 2023 --test-season 2024 --seeds 3,4,5 --max-ctr-complexity 3 --tag CTR3N3
2026-08-11 16:15	rohjinsan	MIN3_s3	cat	2023	2024	3	698	581.86	855.86	--model cat --feat-v2 --te p,pc,ph,b,pi --te-dev --feat-std --std-k 80 --std-to-prior --std-season-prior --feat-domain --feat-skill-pc --lr 0.01 --es 500 --depth 8 --l2 10 --refit-mult 1.5 --drop-f-pre 2022 --val-season 2023 --test-season 2024 --seeds 3,4,5 --missing-strategy native_ind --tag MIN3
2026-08-11 16:18	rohjinsan	MIN3_s4	cat	2023	2024	4	934	591.80	873.35	--model cat --feat-v2 --te p,pc,ph,b,pi --te-dev --feat-std --std-k 80 --std-to-prior --std-season-prior --feat-domain --feat-skill-pc --lr 0.01 --es 500 --depth 8 --l2 10 --refit-mult 1.5 --drop-f-pre 2022 --val-season 2023 --test-season 2024 --seeds 3,4,5 --missing-strategy native_ind --tag MIN3
2026-08-11 16:21	rohjinsan	MIN3_s5	cat	2023	2024	5	748	589.23	869.89	--model cat --feat-v2 --te p,pc,ph,b,pi --te-dev --feat-std --std-k 80 --std-to-prior --std-season-prior --feat-domain --feat-skill-pc --lr 0.01 --es 500 --depth 8 --l2 10 --refit-mult 1.5 --drop-f-pre 2022 --val-season 2023 --test-season 2024 --seeds 3,4,5 --missing-strategy native_ind --tag MIN3
2026-08-11 20:03	rohjinsan	LPR_PD1	cat	2023	2024	42	642	604.12	871.91	--model cat --feat-v2 --te p,pc,ph,b,pi --te-dev --feat-std --std-k 80 --std-to-prior --std-season-prior --feat-domain --feat-skill-pc --lr 0.01 --es 500 --depth 8 --l2 10 --refit-mult 1.5 --drop-f-pre 2022 --val-season 2023 --test-season 2024 --seed 42 --drop-cols std_asof_pitcher_fastball_rate_delta,std_asof_pitcher_breaking_rate_delta,std_asof_pitcher_offspeed_rate_delta --tag LPR_PD1
2026-08-11 20:07	rohjinsan	LPR_OD1	cat	2023	2024	42	685	594.07	860.68	--model cat --feat-v2 --te p,pc,ph,b,pi --te-dev --feat-std --std-k 80 --std-to-prior --std-season-prior --feat-domain --feat-skill-pc --lr 0.01 --es 500 --depth 8 --l2 10 --refit-mult 1.5 --drop-f-pre 2022 --val-season 2023 --test-season 2024 --seed 42 --drop-cols std_asof_pitcher_success_rate_delta,std_asof_pitcher_reverse_rate_delta,std_asof_pitcher_middle_rate_delta,std_asof_pitcher_ball_rate_delta,std_asof_pitcher_strike_rate_delta,std_asof_batter_success_rate_delta,std_asof_batter_middle_rate_delta --tag LPR_OD1
2026-08-11 20:10	rohjinsan	RPB_R3Q8	cat	2023	2024	42	510	548.42	841.27	--model cat --feat-v2 --te p,pc,ph,b,pi --te-dev --feat-std --std-k 80 --std-to-prior --std-season-prior --feat-domain --feat-skill-pc --lr 0.01 --es 500 --depth 8 --l2 10 --refit-mult 1.5 --drop-f-pre 2022 --val-season 2023 --test-season 2024 --seed 42 --feat-recent-pair-bin reverse3 --recent-pair-bin-q 8 --tag RPB_R3Q8
2026-08-11 20:14	rohjinsan	RPTE_R3Q8K500	cat	2023	2024	42	816	614.70	869.06	--model cat --feat-v2 --te p,pc,ph,b,pi,rp --te-k rp:500,*:50 --te-dev --feat-std --std-k 80 --std-to-prior --std-season-prior --feat-domain --feat-skill-pc --lr 0.01 --es 500 --depth 8 --l2 10 --refit-mult 1.5 --drop-f-pre 2022 --val-season 2023 --test-season 2024 --seed 42 --feat-recent-pair-bin reverse3 --recent-pair-bin-q 8 --recent-pair-bin-te-only --tag RPTE_R3Q8K500
2026-08-11 20:18	rohjinsan	PBTE1	cat	2023	2024	42	823	614.01	859.34	--model cat --feat-v2 --te p,pc,ph,b,pi,pb --te-k pb:500,*:50 --te-dev --feat-std --std-k 80 --std-to-prior --std-season-prior --feat-domain --feat-skill-pc --lr 0.01 --es 500 --depth 8 --l2 10 --refit-mult 1.5 --drop-f-pre 2022 --val-season 2023 --test-season 2024 --seed 42 --tag PBTE1
2026-08-11 20:22	rohjinsan	LPR_LOW	cat	2023	2024	42	879	609.94	865.02	--model cat --feat-v2 --te p,pc,ph,b,pi --te-dev --feat-std --std-k 80 --std-to-prior --std-season-prior --feat-domain --feat-skill-pc --lr 0.01 --es 500 --depth 8 --l2 10 --refit-mult 1.5 --drop-f-pre 2022 --val-season 2023 --test-season 2024 --seed 42 --drop-cols prev_missing,is_monday,is_new_pitcher,is_new_batter,psr_low --tag LPR_LOW
2026-08-11 20:31	rohjinsan	LFA_BT1	cat	2023	2024	42	776	652.89	831.69	--model cat --tag LFA_BT1 --feat-v2 --te p,pc,ph,b,pi --te-dev --feat-std --std-k 80 --std-to-prior --std-season-prior --feat-domain --feat-skill-pc --lr 0.01 --es 500 --depth 8 --l2 10 --refit-mult 1.5 --drop-f-pre 2022 --val-season 2023 --test-season 2024 --seed 42 --drop-cols batter_team_id
2026-08-11 20:40	rohjinsan	FCC1	cat	2023	2024	42	787	609.68	867.33	--model cat --tag FCC1 --feat-v2 --te p,pc,ph,b,pi --te-dev --feat-std --std-k 80 --std-to-prior --std-season-prior --feat-domain --feat-skill-pc --feat-count-cat --lr 0.01 --es 500 --depth 8 --l2 10 --refit-mult 1.5 --drop-f-pre 2022 --val-season 2023 --test-season 2024 --seed 42
2026-08-11 20:45	rohjinsan	QMIN1	cat	2023	2024	42	722	608.07	865.95	--model cat --tag QMIN1 --feat-v2 --te p,pc,ph,b,pi --te-dev --feat-std --std-k 80 --std-to-prior --std-season-prior --feat-domain --feat-skill-pc --feat-quality-min --lr 0.01 --es 500 --depth 8 --l2 10 --refit-mult 1.5 --drop-f-pre 2022 --val-season 2023 --test-season 2024 --seed 42
2026-08-11 22:55	rohjinsan	PMTC22	cat	2022	2023	42	339	522.98	0.00	--model cat --feat-v2 --te p,pc,ph,b,pi --te-dev --feat-std --std-k 80 --std-to-prior --std-season-prior --feat-domain --feat-skill-pc --lr 0.01 --es 500 --depth 8 --l2 10 --refit-mult 1.5 --drop-f-pre 2021 --val-season 2022 --test-season 2023 --seed 42 --tag PMTC22
2026-08-11 22:57	rohjinsan	PMTC21	cat	2021	2022	42	266	412.34	2348.31	--model cat --feat-v2 --te p,pc,ph,b,pi --te-dev --feat-std --std-k 80 --std-to-prior --std-season-prior --feat-domain --feat-skill-pc --lr 0.01 --es 500 --depth 8 --l2 10 --refit-mult 1.5 --drop-f-pre 2020 --val-season 2021 --test-season 2022 --seed 42 --tag PMTC21
2026-08-12 00:21	rohjinsan	CRS0_s42	cat	2023	2024	42	680	603.95	861.12	--model cat --feat-v2 --te p,pc,ph,b,pi --te-dev --feat-std --std-k 80 --std-to-prior --std-season-prior --feat-domain --feat-skill-pc --lr 0.01 --es 500 --depth 8 --l2 10 --refit-mult 1.5 --drop-f-pre 2022 --val-season 2023 --test-season 2024 --seed 42 --random-strength 0 --tag CRS0_s42
2026-08-12 00:35	rohjinsan	MVCELL_s42	cat	2023	2024	42	2999	606.76	890.63	--model cat --feat-v2 --te p,pc,ph,b,pi --te-dev --feat-std --std-k 80 --std-to-prior --std-season-prior --feat-domain --feat-skill-pc --failmode-cells --lr 0.01 --es 500 --depth 5 --l2 10 --refit-mult 1.5 --drop-f-pre 2022 --val-season 2023 --test-season 2024 --seed 42 --tag MVCELL_s42
2026-08-12 00:56	rohjinsan	MVCELL5K_s42	cat	2023	2024	42	3928	608.39	881.96	--model cat --feat-v2 --te p,pc,ph,b,pi --te-dev --feat-std --std-k 80 --std-to-prior --std-season-prior --feat-domain --feat-skill-pc --failmode-cells --lr 0.01 --es 500 --depth 5 --l2 10 --iters 5000 --refit-mult 1.5 --drop-f-pre 2022 --val-season 2023 --test-season 2024 --seed 42 --tag MVCELL5K_s42
2026-08-12 01:20	rohjinsan	BSE1	cat	2023	2024	42	826	611.77	876.87	--model cat --feat-v2 --te p,pc,ph,b,pi --te-dev --feat-std --std-k 80 --std-to-prior --std-season-prior --feat-domain --feat-skill-pc --lr 0.01 --es 500 --depth 8 --l2 10 --refit-mult 1.5 --drop-f-pre 2022 --val-season 2023 --test-season 2024 --seed 42 --missing-strategy native --eval-metric BrierScore --tag BSE1
2026-08-12 01:27	rohjinsan	XCR1	xgb	2023	2024	42	369	581.06	816.32	--model xgb --feat-v2 --te p,pc,ph,b,pi --te-dev --feat-std --std-k 80 --std-to-prior --std-season-prior --feat-domain --feat-skill-pc --lr 0.01 --es 500 --l2 10 --drop-f-pre 2022 --val-season 2023 --test-season 2024 --seed 42 --tag XCR1
2026-08-12 01:31	rohjinsan	XCR0	xgb	2022	2023	42	576	2384.88	30.82	--model xgb --feat-v2 --te p,pc,ph,b,pi --te-dev --feat-std --std-k 80 --std-to-prior --std-season-prior --feat-domain --feat-skill-pc --lr 0.01 --es 500 --l2 10 --val-season 2022 --test-season 2023 --seed 42 --tag XCR0
2026-08-12 01:45	rohjinsan	MVCELL22_s42	cat	2022	2023	42	2999	2400.73	0.00	--model cat --feat-v2 --te p,pc,ph,b,pi --te-dev --feat-std --std-k 80 --std-to-prior --std-season-prior --feat-domain --feat-skill-pc --failmode-cells --lr 0.01 --es 500 --depth 5 --l2 10 --refit-mult 1.5 --val-season 2022 --test-season 2023 --seed 42 --tag MVCELL22_s42
2026-08-12 01:52	rohjinsan	MV21_base	cat	2021	2022	42	1582	1564.39	2401.47	--model cat --feat-v2 --te p,pc,ph,b,pi --te-dev --feat-std --std-k 80 --std-to-prior --std-season-prior --feat-domain --feat-skill-pc --lr 0.01 --es 500 --depth 8 --l2 10 --refit-mult 1.5 --val-season 2021 --test-season 2022 --seed 42 --tag MV21_base
2026-08-12 01:55	rohjinsan	XCR21	xgb	2021	2022	42	625	1557.00	2358.35	--model xgb --feat-v2 --te p,pc,ph,b,pi --te-dev --feat-std --std-k 80 --std-to-prior --std-season-prior --feat-domain --feat-skill-pc --lr 0.01 --es 500 --l2 10 --val-season 2021 --test-season 2022 --seed 42 --tag XCR21
2026-08-12 02:07	rohjinsan	MV21_cell	cat	2021	2022	42	2999	1694.09	2416.52	--model cat --feat-v2 --te p,pc,ph,b,pi --te-dev --feat-std --std-k 80 --std-to-prior --std-season-prior --feat-domain --feat-skill-pc --failmode-cells --lr 0.01 --es 500 --depth 5 --l2 10 --refit-mult 1.5 --val-season 2021 --test-season 2022 --seed 42 --tag MV21_cell
2026-08-12 02:11	rohjinsan	XCR1N5_s3	xgb	2023	2024	3	397	582.22	809.87	--model xgb --feat-v2 --te p,pc,ph,b,pi --te-dev --feat-std --std-k 80 --std-to-prior --std-season-prior --feat-domain --feat-skill-pc --lr 0.01 --es 500 --l2 10 --drop-f-pre 2022 --val-season 2023 --test-season 2024 --seeds 3,4,5,7,13 --tag XCR1N5
2026-08-12 02:12	rohjinsan	XCR1N5_s4	xgb	2023	2024	4	365	588.93	810.70	--model xgb --feat-v2 --te p,pc,ph,b,pi --te-dev --feat-std --std-k 80 --std-to-prior --std-season-prior --feat-domain --feat-skill-pc --lr 0.01 --es 500 --l2 10 --drop-f-pre 2022 --val-season 2023 --test-season 2024 --seeds 3,4,5,7,13 --tag XCR1N5
2026-08-12 02:14	rohjinsan	XCR1N5_s5	xgb	2023	2024	5	347	577.83	803.08	--model xgb --feat-v2 --te p,pc,ph,b,pi --te-dev --feat-std --std-k 80 --std-to-prior --std-season-prior --feat-domain --feat-skill-pc --lr 0.01 --es 500 --l2 10 --drop-f-pre 2022 --val-season 2023 --test-season 2024 --seeds 3,4,5,7,13 --tag XCR1N5
2026-08-12 02:15	rohjinsan	XCR1N5_s7	xgb	2023	2024	7	354	587.74	810.36	--model xgb --feat-v2 --te p,pc,ph,b,pi --te-dev --feat-std --std-k 80 --std-to-prior --std-season-prior --feat-domain --feat-skill-pc --lr 0.01 --es 500 --l2 10 --drop-f-pre 2022 --val-season 2023 --test-season 2024 --seeds 3,4,5,7,13 --tag XCR1N5
2026-08-12 02:17	rohjinsan	XCR1N5_s13	xgb	2023	2024	13	434	596.69	822.82	--model xgb --feat-v2 --te p,pc,ph,b,pi --te-dev --feat-std --std-k 80 --std-to-prior --std-season-prior --feat-domain --feat-skill-pc --lr 0.01 --es 500 --l2 10 --drop-f-pre 2022 --val-season 2023 --test-season 2024 --seeds 3,4,5,7,13 --tag XCR1N5
2026-08-12 02:25	rohjinsan	XCR2	xgb	2023	2024	42	369	581.06	828.82	--model xgb --feat-v2 --te p,pc,ph,b,pi --te-dev --feat-std --std-k 80 --std-to-prior --std-season-prior --feat-domain --feat-skill-pc --lr 0.01 --es 500 --l2 10 --refit-mult 1.5 --drop-f-pre 2022 --val-season 2023 --test-season 2024 --seed 42 --tag XCR2
2026-08-12 02:52	rohjinsan	BTP1	cat	2023	2024	42	742	598.11	862.71	--model cat --feat-v2 --te p,pc,ph,b,pi --te-dev --feat-std --std-k 80 --std-to-prior --std-season-prior --feat-domain --feat-skill-pc --lr 0.01 --es 500 --depth 8 --l2 10 --refit-mult 1.5 --drop-f-pre 2022 --val-season 2023 --test-season 2024 --seeds 42 --tag BTP1 --bootstrap-type Bernoulli --subsample 0.8
2026-08-12 23:07	DESKTOP-053T952	SMOKE_s42	tdec	2023	2024	42	1	275.75	417.28	--tag SMOKE --epochs 1 --patience 8 --pct-start 0.03
2026-08-12 23:12	DESKTOP-053T952	TDEC2_sched_s42	tdec	2023	2024	42	2	246.61	353.42	--tag TDEC2_sched --seed 42 --epochs 15 --patience 8 --pct-start 0.03
2026-08-12 23:17	DESKTOP-053T952	TDEC3_lr_s42	tdec	2023	2024	42	2	292.22	389.60	--tag TDEC3_lr --seed 42 --epochs 15 --patience 8 --pct-start 0.03 --lr 1e-4
2026-08-12 23:21	DESKTOP-053T952	TDEC4_nomask_s42	tdec	2023	2024	42	2	192.43	321.17	--tag TDEC4_nomask --seed 42 --epochs 15 --patience 8 --pct-start 0.03 --no-causal-mask
2026-08-12 23:24	DESKTOP-053T952	N5_base_s3	cat	2023	2024	3	671	579.27	859.94	--model cat --feat-v2 --te p,pc,ph,b,pi --te-dev --feat-std --std-k 80 --std-to-prior --std-season-prior --feat-domain --feat-skill-pc --lr 0.01 --es 500 --depth 8 --l2 10 --refit-mult 1.5 --drop-f-pre 2022 --val-season 2023 --test-season 2024 --seeds 3,4,5,6,8,13 --tag N5_base
2026-08-12 23:26	DESKTOP-053T952	N5_base_s4	cat	2023	2024	4	744	595.19	873.90	--model cat --feat-v2 --te p,pc,ph,b,pi --te-dev --feat-std --std-k 80 --std-to-prior --std-season-prior --feat-domain --feat-skill-pc --lr 0.01 --es 500 --depth 8 --l2 10 --refit-mult 1.5 --drop-f-pre 2022 --val-season 2023 --test-season 2024 --seeds 3,4,5,6,8,13 --tag N5_base
2026-08-12 23:27	DESKTOP-053T952	N5_base_s5	cat	2023	2024	5	839	589.78	871.78	--model cat --feat-v2 --te p,pc,ph,b,pi --te-dev --feat-std --std-k 80 --std-to-prior --std-season-prior --feat-domain --feat-skill-pc --lr 0.01 --es 500 --depth 8 --l2 10 --refit-mult 1.5 --drop-f-pre 2022 --val-season 2023 --test-season 2024 --seeds 3,4,5,6,8,13 --tag N5_base
2026-08-12 23:29	DESKTOP-053T952	N5_base_s6	cat	2023	2024	6	804	588.81	872.71	--model cat --feat-v2 --te p,pc,ph,b,pi --te-dev --feat-std --std-k 80 --std-to-prior --std-season-prior --feat-domain --feat-skill-pc --lr 0.01 --es 500 --depth 8 --l2 10 --refit-mult 1.5 --drop-f-pre 2022 --val-season 2023 --test-season 2024 --seeds 3,4,5,6,8,13 --tag N5_base
2026-08-12 23:31	DESKTOP-053T952	N5_base_s8	cat	2023	2024	8	681	597.77	872.28	--model cat --feat-v2 --te p,pc,ph,b,pi --te-dev --feat-std --std-k 80 --std-to-prior --std-season-prior --feat-domain --feat-skill-pc --lr 0.01 --es 500 --depth 8 --l2 10 --refit-mult 1.5 --drop-f-pre 2022 --val-season 2023 --test-season 2024 --seeds 3,4,5,6,8,13 --tag N5_base
2026-08-12 23:32	DESKTOP-053T952	N5_base_s13	cat	2023	2024	13	691	600.03	865.89	--model cat --feat-v2 --te p,pc,ph,b,pi --te-dev --feat-std --std-k 80 --std-to-prior --std-season-prior --feat-domain --feat-skill-pc --lr 0.01 --es 500 --depth 8 --l2 10 --refit-mult 1.5 --drop-f-pre 2022 --val-season 2023 --test-season 2024 --seeds 3,4,5,6,8,13 --tag N5_base
2026-08-12 23:33	DESKTOP-053T952	N5_min2021_s3	cat	2023	2024	3	360	596.09	773.74	--model cat --feat-v2 --te p,pc,ph,b,pi --te-dev --feat-std --std-k 80 --std-to-prior --std-season-prior --feat-domain --feat-skill-pc --lr 0.01 --es 500 --depth 8 --l2 10 --refit-mult 1.5 --drop-f-pre 2022 --val-season 2023 --test-season 2024 --seeds 3,4,5,6,8,13 --min-season 2021 --tag N5_min2021
2026-08-12 23:34	DESKTOP-053T952	N5_min2021_s4	cat	2023	2024	4	384	595.64	774.15	--model cat --feat-v2 --te p,pc,ph,b,pi --te-dev --feat-std --std-k 80 --std-to-prior --std-season-prior --feat-domain --feat-skill-pc --lr 0.01 --es 500 --depth 8 --l2 10 --refit-mult 1.5 --drop-f-pre 2022 --val-season 2023 --test-season 2024 --seeds 3,4,5,6,8,13 --min-season 2021 --tag N5_min2021
2026-08-12 23:35	DESKTOP-053T952	N5_min2021_s5	cat	2023	2024	5	373	594.39	773.00	--model cat --feat-v2 --te p,pc,ph,b,pi --te-dev --feat-std --std-k 80 --std-to-prior --std-season-prior --feat-domain --feat-skill-pc --lr 0.01 --es 500 --depth 8 --l2 10 --refit-mult 1.5 --drop-f-pre 2022 --val-season 2023 --test-season 2024 --seeds 3,4,5,6,8,13 --min-season 2021 --tag N5_min2021
2026-08-12 23:36	DESKTOP-053T952	N5_min2021_s6	cat	2023	2024	6	464	591.37	780.00	--model cat --feat-v2 --te p,pc,ph,b,pi --te-dev --feat-std --std-k 80 --std-to-prior --std-season-prior --feat-domain --feat-skill-pc --lr 0.01 --es 500 --depth 8 --l2 10 --refit-mult 1.5 --drop-f-pre 2022 --val-season 2023 --test-season 2024 --seeds 3,4,5,6,8,13 --min-season 2021 --tag N5_min2021
2026-08-12 23:37	DESKTOP-053T952	N5_min2021_s8	cat	2023	2024	8	342	585.82	777.08	--model cat --feat-v2 --te p,pc,ph,b,pi --te-dev --feat-std --std-k 80 --std-to-prior --std-season-prior --feat-domain --feat-skill-pc --lr 0.01 --es 500 --depth 8 --l2 10 --refit-mult 1.5 --drop-f-pre 2022 --val-season 2023 --test-season 2024 --seeds 3,4,5,6,8,13 --min-season 2021 --tag N5_min2021
2026-08-12 23:38	DESKTOP-053T952	N5_min2021_s13	cat	2023	2024	13	401	601.14	767.97	--model cat --feat-v2 --te p,pc,ph,b,pi --te-dev --feat-std --std-k 80 --std-to-prior --std-season-prior --feat-domain --feat-skill-pc --lr 0.01 --es 500 --depth 8 --l2 10 --refit-mult 1.5 --drop-f-pre 2022 --val-season 2023 --test-season 2024 --seeds 3,4,5,6,8,13 --min-season 2021 --tag N5_min2021
2026-08-12 23:40	DESKTOP-053T952	N5_wexp_s3	cat	2023	2024	3	811	587.69	860.02	--model cat --feat-v2 --te p,pc,ph,b,pi --te-dev --feat-std --std-k 80 --std-to-prior --std-season-prior --feat-domain --feat-skill-pc --lr 0.01 --es 500 --depth 8 --l2 10 --refit-mult 1.5 --drop-f-pre 2022 --val-season 2023 --test-season 2024 --seeds 3,4,5,6,8,13 --drop-cols li,home_win_expectancy,away_win_expectancy --tag N5_wexp
2026-08-12 23:42	DESKTOP-053T952	N5_wexp_s4	cat	2023	2024	4	880	599.84	869.02	--model cat --feat-v2 --te p,pc,ph,b,pi --te-dev --feat-std --std-k 80 --std-to-prior --std-season-prior --feat-domain --feat-skill-pc --lr 0.01 --es 500 --depth 8 --l2 10 --refit-mult 1.5 --drop-f-pre 2022 --val-season 2023 --test-season 2024 --seeds 3,4,5,6,8,13 --drop-cols li,home_win_expectancy,away_win_expectancy --tag N5_wexp
2026-08-12 23:43	DESKTOP-053T952	N5_wexp_s5	cat	2023	2024	5	521	583.29	855.99	--model cat --feat-v2 --te p,pc,ph,b,pi --te-dev --feat-std --std-k 80 --std-to-prior --std-season-prior --feat-domain --feat-skill-pc --lr 0.01 --es 500 --depth 8 --l2 10 --refit-mult 1.5 --drop-f-pre 2022 --val-season 2023 --test-season 2024 --seeds 3,4,5,6,8,13 --drop-cols li,home_win_expectancy,away_win_expectancy --tag N5_wexp
2026-08-12 23:45	DESKTOP-053T952	N5_wexp_s6	cat	2023	2024	6	821	596.25	877.25	--model cat --feat-v2 --te p,pc,ph,b,pi --te-dev --feat-std --std-k 80 --std-to-prior --std-season-prior --feat-domain --feat-skill-pc --lr 0.01 --es 500 --depth 8 --l2 10 --refit-mult 1.5 --drop-f-pre 2022 --val-season 2023 --test-season 2024 --seeds 3,4,5,6,8,13 --drop-cols li,home_win_expectancy,away_win_expectancy --tag N5_wexp
2026-08-12 23:47	DESKTOP-053T952	N5_wexp_s8	cat	2023	2024	8	953	603.08	866.15	--model cat --feat-v2 --te p,pc,ph,b,pi --te-dev --feat-std --std-k 80 --std-to-prior --std-season-prior --feat-domain --feat-skill-pc --lr 0.01 --es 500 --depth 8 --l2 10 --refit-mult 1.5 --drop-f-pre 2022 --val-season 2023 --test-season 2024 --seeds 3,4,5,6,8,13 --drop-cols li,home_win_expectancy,away_win_expectancy --tag N5_wexp
2026-08-12 23:48	DESKTOP-053T952	N5_wexp_s13	cat	2023	2024	13	671	595.67	867.06	--model cat --feat-v2 --te p,pc,ph,b,pi --te-dev --feat-std --std-k 80 --std-to-prior --std-season-prior --feat-domain --feat-skill-pc --lr 0.01 --es 500 --depth 8 --l2 10 --refit-mult 1.5 --drop-f-pre 2022 --val-season 2023 --test-season 2024 --seeds 3,4,5,6,8,13 --drop-cols li,home_win_expectancy,away_win_expectancy --tag N5_wexp
2026-08-12 23:50	DESKTOP-053T952	N5_v4ctx_s3	cat	2023	2024	3	744	558.29	852.37	--model cat --feat-v2 --te p,pc,ph,b,pi --te-dev --feat-std --std-k 80 --std-to-prior --std-season-prior --feat-domain --feat-skill-pc --lr 0.01 --es 500 --depth 8 --l2 10 --refit-mult 1.5 --drop-f-pre 2022 --val-season 2023 --test-season 2024 --seeds 3,4,5,6,8,13 --feat-v4 --tag N5_v4ctx
2026-08-12 23:52	DESKTOP-053T952	N5_v4ctx_s4	cat	2023	2024	4	776	570.59	860.08	--model cat --feat-v2 --te p,pc,ph,b,pi --te-dev --feat-std --std-k 80 --std-to-prior --std-season-prior --feat-domain --feat-skill-pc --lr 0.01 --es 500 --depth 8 --l2 10 --refit-mult 1.5 --drop-f-pre 2022 --val-season 2023 --test-season 2024 --seeds 3,4,5,6,8,13 --feat-v4 --tag N5_v4ctx
2026-08-12 23:54	DESKTOP-053T952	N5_v4ctx_s5	cat	2023	2024	5	633	580.04	842.87	--model cat --feat-v2 --te p,pc,ph,b,pi --te-dev --feat-std --std-k 80 --std-to-prior --std-season-prior --feat-domain --feat-skill-pc --lr 0.01 --es 500 --depth 8 --l2 10 --refit-mult 1.5 --drop-f-pre 2022 --val-season 2023 --test-season 2024 --seeds 3,4,5,6,8,13 --feat-v4 --tag N5_v4ctx
2026-08-12 23:55	DESKTOP-053T952	N5_v4ctx_s6	cat	2023	2024	6	795	567.02	852.35	--model cat --feat-v2 --te p,pc,ph,b,pi --te-dev --feat-std --std-k 80 --std-to-prior --std-season-prior --feat-domain --feat-skill-pc --lr 0.01 --es 500 --depth 8 --l2 10 --refit-mult 1.5 --drop-f-pre 2022 --val-season 2023 --test-season 2024 --seeds 3,4,5,6,8,13 --feat-v4 --tag N5_v4ctx
2026-08-12 23:57	DESKTOP-053T952	N5_v4ctx_s8	cat	2023	2024	8	591	572.18	848.03	--model cat --feat-v2 --te p,pc,ph,b,pi --te-dev --feat-std --std-k 80 --std-to-prior --std-season-prior --feat-domain --feat-skill-pc --lr 0.01 --es 500 --depth 8 --l2 10 --refit-mult 1.5 --drop-f-pre 2022 --val-season 2023 --test-season 2024 --seeds 3,4,5,6,8,13 --feat-v4 --tag N5_v4ctx
2026-08-12 23:58	DESKTOP-053T952	N5_v4ctx_s13	cat	2023	2024	13	624	575.87	848.50	--model cat --feat-v2 --te p,pc,ph,b,pi --te-dev --feat-std --std-k 80 --std-to-prior --std-season-prior --feat-domain --feat-skill-pc --lr 0.01 --es 500 --depth 8 --l2 10 --refit-mult 1.5 --drop-f-pre 2022 --val-season 2023 --test-season 2024 --seeds 3,4,5,6,8,13 --feat-v4 --tag N5_v4ctx
2026-08-13 03:20	DESKTOP-053T952	P0SMOKE_base	cat	2022	2023	3	143	603.30	524.22	--model cat --feat-v2 --te p,pc,ph,b,pi --te-dev --feat-std --std-k 80 --std-to-prior --std-season-prior --feat-domain --feat-skill-pc --lr 0.05 --iters 150 --es 60 --l2 10 --refit-mult 1.5 --drop-f-pre 2022 --val-season 2022 --test-season 2023 --seed 3 --depth 8 --tag P0SMOKE_base
2026-08-13 03:21	DESKTOP-053T952	P0SMOKE_cell	cat	2022	2023	3	149	560.09	573.81	--model cat --feat-v2 --te p,pc,ph,b,pi --te-dev --feat-std --std-k 80 --std-to-prior --std-season-prior --feat-domain --feat-skill-pc --lr 0.05 --iters 150 --es 60 --l2 10 --refit-mult 1.5 --drop-f-pre 2022 --val-season 2022 --test-season 2023 --seed 3 --depth 5 --failmode-cells --fm-modes middle,ball,reverse --fm-min-share 0.005 --tag P0SMOKE_cell
2026-08-13 03:29	DESKTOP-053T952	B0JL_base	cat	2023	2024	3	673	579.24	859.97	--model cat --feat-v2 --feat-k 200 --te p,pc,ph,b,pi --te-k 50 --te-dev --feat-std --std-k 80 --std-to-prior --std-season-prior --feat-domain --feat-skill-pc --lr 0.01 --iters 3000 --es 500 --l2 10 --border-count 254 --loss Logloss --eval-metric Logloss --refit-mult 1.5 --drop-f-pre 2022 --max-train-season 2024 --val-season 2023 --test-season 2024 --depth 8 --seeds 3 --tag B0JL_base
2026-08-13 03:50	DESKTOP-053T952	B0JL_base_s3	cat	2023	2024	3	671	579.28	860.40	--model cat --feat-v2 --feat-k 200 --te p,pc,ph,b,pi --te-k 50 --te-dev --feat-std --std-k 80 --std-to-prior --std-season-prior --feat-domain --feat-skill-pc --lr 0.01 --iters 3000 --es 500 --l2 10 --border-count 254 --loss Logloss --eval-metric Logloss --refit-mult 1.5 --drop-f-pre 2022 --max-train-season 2024 --val-season 2023 --test-season 2024 --depth 8 --seeds 3,4,5 --tag B0JL_base
2026-08-13 03:51	DESKTOP-053T952	B0JL_base_s4	cat	2023	2024	4	744	595.18	872.10	--model cat --feat-v2 --feat-k 200 --te p,pc,ph,b,pi --te-k 50 --te-dev --feat-std --std-k 80 --std-to-prior --std-season-prior --feat-domain --feat-skill-pc --lr 0.01 --iters 3000 --es 500 --l2 10 --border-count 254 --loss Logloss --eval-metric Logloss --refit-mult 1.5 --drop-f-pre 2022 --max-train-season 2024 --val-season 2023 --test-season 2024 --depth 8 --seeds 3,4,5 --tag B0JL_base
2026-08-13 03:53	DESKTOP-053T952	B0JL_base_s5	cat	2023	2024	5	839	589.76	871.43	--model cat --feat-v2 --feat-k 200 --te p,pc,ph,b,pi --te-k 50 --te-dev --feat-std --std-k 80 --std-to-prior --std-season-prior --feat-domain --feat-skill-pc --lr 0.01 --iters 3000 --es 500 --l2 10 --border-count 254 --loss Logloss --eval-metric Logloss --refit-mult 1.5 --drop-f-pre 2022 --max-train-season 2024 --val-season 2023 --test-season 2024 --depth 8 --seeds 3,4,5 --tag B0JL_base
2026-08-13 03:58	DESKTOP-053T952	B0JL_cell_s3	cat	2023	2024	3	2981	595.15	880.42	--model cat --feat-v2 --feat-k 200 --te p,pc,ph,b,pi --te-k 50 --te-dev --feat-std --std-k 80 --std-to-prior --std-season-prior --feat-domain --feat-skill-pc --lr 0.01 --iters 3000 --es 500 --l2 10 --border-count 254 --loss Logloss --eval-metric Logloss --refit-mult 1.5 --drop-f-pre 2022 --max-train-season 2024 --val-season 2023 --test-season 2024 --depth 5 --failmode-cells --fm-modes middle,ball,reverse --fm-min-share 0.005 --seeds 3,4,5 --tag B0JL_cell
2026-08-13 04:01	DESKTOP-053T952	B0JL_cell_s4	cat	2023	2024	4	2998	598.69	885.11	--model cat --feat-v2 --feat-k 200 --te p,pc,ph,b,pi --te-k 50 --te-dev --feat-std --std-k 80 --std-to-prior --std-season-prior --feat-domain --feat-skill-pc --lr 0.01 --iters 3000 --es 500 --l2 10 --border-count 254 --loss Logloss --eval-metric Logloss --refit-mult 1.5 --drop-f-pre 2022 --max-train-season 2024 --val-season 2023 --test-season 2024 --depth 5 --failmode-cells --fm-modes middle,ball,reverse --fm-min-share 0.005 --seeds 3,4,5 --tag B0JL_cell
2026-08-13 04:05	DESKTOP-053T952	B0JL_cell_s5	cat	2023	2024	5	2990	595.85	882.18	--model cat --feat-v2 --feat-k 200 --te p,pc,ph,b,pi --te-k 50 --te-dev --feat-std --std-k 80 --std-to-prior --std-season-prior --feat-domain --feat-skill-pc --lr 0.01 --iters 3000 --es 500 --l2 10 --border-count 254 --loss Logloss --eval-metric Logloss --refit-mult 1.5 --drop-f-pre 2022 --max-train-season 2024 --val-season 2023 --test-season 2024 --depth 5 --failmode-cells --fm-modes middle,ball,reverse --fm-min-share 0.005 --seeds 3,4,5 --tag B0JL_cell
2026-08-13 04:14	DESKTOP-053T952	B1J_base_s3	cat	2023	2024	3	874	588.68	860.74	--model cat --feat-v2 --feat-k 200 --te p,pc,ph,b,pi --te-k 50 --te-dev --feat-std --std-k 80 --std-to-prior --std-season-prior --feat-domain --feat-skill-pc --lr 0.01 --iters 3000 --es 500 --l2 10 --border-count 254 --loss Logloss --eval-metric Logloss --refit-mult 1.5 --drop-f-pre 2022 --max-train-season 2024 --val-season 2023 --test-season 2024 --p1 --depth 8 --seeds 3,4,5 --tag B1J_base
2026-08-13 04:16	DESKTOP-053T952	B1J_base_s4	cat	2023	2024	4	782	595.78	866.40	--model cat --feat-v2 --feat-k 200 --te p,pc,ph,b,pi --te-k 50 --te-dev --feat-std --std-k 80 --std-to-prior --std-season-prior --feat-domain --feat-skill-pc --lr 0.01 --iters 3000 --es 500 --l2 10 --border-count 254 --loss Logloss --eval-metric Logloss --refit-mult 1.5 --drop-f-pre 2022 --max-train-season 2024 --val-season 2023 --test-season 2024 --p1 --depth 8 --seeds 3,4,5 --tag B1J_base
2026-08-13 04:17	DESKTOP-053T952	B1J_base_s5	cat	2023	2024	5	854	602.90	856.10	--model cat --feat-v2 --feat-k 200 --te p,pc,ph,b,pi --te-k 50 --te-dev --feat-std --std-k 80 --std-to-prior --std-season-prior --feat-domain --feat-skill-pc --lr 0.01 --iters 3000 --es 500 --l2 10 --border-count 254 --loss Logloss --eval-metric Logloss --refit-mult 1.5 --drop-f-pre 2022 --max-train-season 2024 --val-season 2023 --test-season 2024 --p1 --depth 8 --seeds 3,4,5 --tag B1J_base
2026-08-13 04:22	DESKTOP-053T952	B1J_cell_s3	cat	2023	2024	3	2995	593.61	880.61	--model cat --feat-v2 --feat-k 200 --te p,pc,ph,b,pi --te-k 50 --te-dev --feat-std --std-k 80 --std-to-prior --std-season-prior --feat-domain --feat-skill-pc --lr 0.01 --iters 3000 --es 500 --l2 10 --border-count 254 --loss Logloss --eval-metric Logloss --refit-mult 1.5 --drop-f-pre 2022 --max-train-season 2024 --val-season 2023 --test-season 2024 --p1 --depth 5 --failmode-cells --fm-modes middle,ball,reverse --fm-min-share 0.005 --seeds 3,4,5 --tag B1J_cell
2026-08-13 04:26	DESKTOP-053T952	B1J_cell_s4	cat	2023	2024	4	2951	601.63	883.34	--model cat --feat-v2 --feat-k 200 --te p,pc,ph,b,pi --te-k 50 --te-dev --feat-std --std-k 80 --std-to-prior --std-season-prior --feat-domain --feat-skill-pc --lr 0.01 --iters 3000 --es 500 --l2 10 --border-count 254 --loss Logloss --eval-metric Logloss --refit-mult 1.5 --drop-f-pre 2022 --max-train-season 2024 --val-season 2023 --test-season 2024 --p1 --depth 5 --failmode-cells --fm-modes middle,ball,reverse --fm-min-share 0.005 --seeds 3,4,5 --tag B1J_cell
2026-08-13 04:29	DESKTOP-053T952	B1J_cell_s5	cat	2023	2024	5	2826	593.32	888.56	--model cat --feat-v2 --feat-k 200 --te p,pc,ph,b,pi --te-k 50 --te-dev --feat-std --std-k 80 --std-to-prior --std-season-prior --feat-domain --feat-skill-pc --lr 0.01 --iters 3000 --es 500 --l2 10 --border-count 254 --loss Logloss --eval-metric Logloss --refit-mult 1.5 --drop-f-pre 2022 --max-train-season 2024 --val-season 2023 --test-season 2024 --p1 --depth 5 --failmode-cells --fm-modes middle,ball,reverse --fm-min-share 0.005 --seeds 3,4,5 --tag B1J_cell
2026-08-13 04:39	DESKTOP-053T952	B1SMOKE_base	cat	2023	2024	3	874	588.68	865.50	--model cat --feat-v2 --feat-k 200 --te p,pc,ph,b,pi --te-k 50 --te-dev --feat-std --std-k 80 --std-to-prior --std-season-prior --feat-domain --feat-skill-pc --lr 0.01 --iters 3000 --es 500 --l2 10 --border-count 254 --loss Logloss --eval-metric Logloss --refit-mult 1.5 --drop-f-pre 2022 --max-train-season 2024 --val-season 2023 --test-season 2024 --p1 --depth 8 --seeds 3 --tag B1SMOKE_base
2026-08-13 04:43	DESKTOP-053T952	B1SMOKE_cell	cat	2023	2024	3	2995	593.61	881.02	--model cat --feat-v2 --feat-k 200 --te p,pc,ph,b,pi --te-k 50 --te-dev --feat-std --std-k 80 --std-to-prior --std-season-prior --feat-domain --feat-skill-pc --lr 0.01 --iters 3000 --es 500 --l2 10 --border-count 254 --loss Logloss --eval-metric Logloss --refit-mult 1.5 --drop-f-pre 2022 --max-train-season 2024 --val-season 2023 --test-season 2024 --p1 --depth 5 --failmode-cells --fm-modes middle,ball,reverse --fm-min-share 0.005 --seeds 3 --tag B1SMOKE_cell
2026-08-13 04:46	DESKTOP-053T952	B1J6_base_s3	cat	2023	2024	3	874	588.67	865.83	--model cat --feat-v2 --feat-k 200 --te p,pc,ph,b,pi --te-k 50 --te-dev --feat-std --std-k 80 --std-to-prior --std-season-prior --feat-domain --feat-skill-pc --lr 0.01 --iters 3000 --es 500 --l2 10 --border-count 254 --loss Logloss --eval-metric Logloss --refit-mult 1.5 --drop-f-pre 2022 --max-train-season 2024 --val-season 2023 --test-season 2024 --p1 --depth 8 --seeds 3,4,5,6,8,13 --tag B1J6_base
2026-08-13 04:48	DESKTOP-053T952	B1J6_base_s4	cat	2023	2024	4	782	595.83	869.32	--model cat --feat-v2 --feat-k 200 --te p,pc,ph,b,pi --te-k 50 --te-dev --feat-std --std-k 80 --std-to-prior --std-season-prior --feat-domain --feat-skill-pc --lr 0.01 --iters 3000 --es 500 --l2 10 --border-count 254 --loss Logloss --eval-metric Logloss --refit-mult 1.5 --drop-f-pre 2022 --max-train-season 2024 --val-season 2023 --test-season 2024 --p1 --depth 8 --seeds 3,4,5,6,8,13 --tag B1J6_base
2026-08-13 04:50	DESKTOP-053T952	B1J6_base_s5	cat	2023	2024	5	854	602.95	866.82	--model cat --feat-v2 --feat-k 200 --te p,pc,ph,b,pi --te-k 50 --te-dev --feat-std --std-k 80 --std-to-prior --std-season-prior --feat-domain --feat-skill-pc --lr 0.01 --iters 3000 --es 500 --l2 10 --border-count 254 --loss Logloss --eval-metric Logloss --refit-mult 1.5 --drop-f-pre 2022 --max-train-season 2024 --val-season 2023 --test-season 2024 --p1 --depth 8 --seeds 3,4,5,6,8,13 --tag B1J6_base
2026-08-13 04:51	DESKTOP-053T952	B1J6_base_s6	cat	2023	2024	6	799	597.51	867.15	--model cat --feat-v2 --feat-k 200 --te p,pc,ph,b,pi --te-k 50 --te-dev --feat-std --std-k 80 --std-to-prior --std-season-prior --feat-domain --feat-skill-pc --lr 0.01 --iters 3000 --es 500 --l2 10 --border-count 254 --loss Logloss --eval-metric Logloss --refit-mult 1.5 --drop-f-pre 2022 --max-train-season 2024 --val-season 2023 --test-season 2024 --p1 --depth 8 --seeds 3,4,5,6,8,13 --tag B1J6_base
2026-08-13 04:53	DESKTOP-053T952	B1J6_base_s8	cat	2023	2024	8	600	600.03	863.05	--model cat --feat-v2 --feat-k 200 --te p,pc,ph,b,pi --te-k 50 --te-dev --feat-std --std-k 80 --std-to-prior --std-season-prior --feat-domain --feat-skill-pc --lr 0.01 --iters 3000 --es 500 --l2 10 --border-count 254 --loss Logloss --eval-metric Logloss --refit-mult 1.5 --drop-f-pre 2022 --max-train-season 2024 --val-season 2023 --test-season 2024 --p1 --depth 8 --seeds 3,4,5,6,8,13 --tag B1J6_base
2026-08-13 04:55	DESKTOP-053T952	B1J6_base_s13	cat	2023	2024	13	807	594.76	865.19	--model cat --feat-v2 --feat-k 200 --te p,pc,ph,b,pi --te-k 50 --te-dev --feat-std --std-k 80 --std-to-prior --std-season-prior --feat-domain --feat-skill-pc --lr 0.01 --iters 3000 --es 500 --l2 10 --border-count 254 --loss Logloss --eval-metric Logloss --refit-mult 1.5 --drop-f-pre 2022 --max-train-season 2024 --val-season 2023 --test-season 2024 --p1 --depth 8 --seeds 3,4,5,6,8,13 --tag B1J6_base
2026-08-13 04:59	DESKTOP-053T952	B1J6_cell_s3	cat	2023	2024	3	2995	593.61	881.02	--model cat --feat-v2 --feat-k 200 --te p,pc,ph,b,pi --te-k 50 --te-dev --feat-std --std-k 80 --std-to-prior --std-season-prior --feat-domain --feat-skill-pc --lr 0.01 --iters 3000 --es 500 --l2 10 --border-count 254 --loss Logloss --eval-metric Logloss --refit-mult 1.5 --drop-f-pre 2022 --max-train-season 2024 --val-season 2023 --test-season 2024 --p1 --depth 5 --failmode-cells --fm-modes middle,ball,reverse --fm-min-share 0.005 --seeds 3,4,5,6,8,13 --tag B1J6_cell
2026-08-13 05:03	DESKTOP-053T952	B1J6_cell_s4	cat	2023	2024	4	2951	601.63	886.97	--model cat --feat-v2 --feat-k 200 --te p,pc,ph,b,pi --te-k 50 --te-dev --feat-std --std-k 80 --std-to-prior --std-season-prior --feat-domain --feat-skill-pc --lr 0.01 --iters 3000 --es 500 --l2 10 --border-count 254 --loss Logloss --eval-metric Logloss --refit-mult 1.5 --drop-f-pre 2022 --max-train-season 2024 --val-season 2023 --test-season 2024 --p1 --depth 5 --failmode-cells --fm-modes middle,ball,reverse --fm-min-share 0.005 --seeds 3,4,5,6,8,13 --tag B1J6_cell
2026-08-13 05:07	DESKTOP-053T952	B1J6_cell_s5	cat	2023	2024	5	2989	596.87	887.08	--model cat --feat-v2 --feat-k 200 --te p,pc,ph,b,pi --te-k 50 --te-dev --feat-std --std-k 80 --std-to-prior --std-season-prior --feat-domain --feat-skill-pc --lr 0.01 --iters 3000 --es 500 --l2 10 --border-count 254 --loss Logloss --eval-metric Logloss --refit-mult 1.5 --drop-f-pre 2022 --max-train-season 2024 --val-season 2023 --test-season 2024 --p1 --depth 5 --failmode-cells --fm-modes middle,ball,reverse --fm-min-share 0.005 --seeds 3,4,5,6,8,13 --tag B1J6_cell
2026-08-13 05:11	DESKTOP-053T952	B1J6_cell_s6	cat	2023	2024	6	2969	593.28	887.87	--model cat --feat-v2 --feat-k 200 --te p,pc,ph,b,pi --te-k 50 --te-dev --feat-std --std-k 80 --std-to-prior --std-season-prior --feat-domain --feat-skill-pc --lr 0.01 --iters 3000 --es 500 --l2 10 --border-count 254 --loss Logloss --eval-metric Logloss --refit-mult 1.5 --drop-f-pre 2022 --max-train-season 2024 --val-season 2023 --test-season 2024 --p1 --depth 5 --failmode-cells --fm-modes middle,ball,reverse --fm-min-share 0.005 --seeds 3,4,5,6,8,13 --tag B1J6_cell
2026-08-13 05:15	DESKTOP-053T952	B1J6_cell_s8	cat	2023	2024	8	2995	602.32	887.07	--model cat --feat-v2 --feat-k 200 --te p,pc,ph,b,pi --te-k 50 --te-dev --feat-std --std-k 80 --std-to-prior --std-season-prior --feat-domain --feat-skill-pc --lr 0.01 --iters 3000 --es 500 --l2 10 --border-count 254 --loss Logloss --eval-metric Logloss --refit-mult 1.5 --drop-f-pre 2022 --max-train-season 2024 --val-season 2023 --test-season 2024 --p1 --depth 5 --failmode-cells --fm-modes middle,ball,reverse --fm-min-share 0.005 --seeds 3,4,5,6,8,13 --tag B1J6_cell
2026-08-13 05:18	DESKTOP-053T952	B1J6_cell_s13	cat	2023	2024	13	2999	600.49	889.14	--model cat --feat-v2 --feat-k 200 --te p,pc,ph,b,pi --te-k 50 --te-dev --feat-std --std-k 80 --std-to-prior --std-season-prior --feat-domain --feat-skill-pc --lr 0.01 --iters 3000 --es 500 --l2 10 --border-count 254 --loss Logloss --eval-metric Logloss --refit-mult 1.5 --drop-f-pre 2022 --max-train-season 2024 --val-season 2023 --test-season 2024 --p1 --depth 5 --failmode-cells --fm-modes middle,ball,reverse --fm-min-share 0.005 --seeds 3,4,5,6,8,13 --tag B1J6_cell
2026-08-13 05:25	DESKTOP-053T952	P1A_base_s3	cat	2023	2024	3	696	587.64	856.62	--model cat --feat-v2 --feat-k 200 --te p,pc,ph,b,pi --te-k 50 --te-dev --feat-std --std-k 80 --std-to-prior --std-season-prior --feat-domain --feat-skill-pc --lr 0.01 --iters 3000 --es 500 --l2 10 --border-count 254 --loss Logloss --eval-metric Logloss --refit-mult 1.5 --drop-f-pre 2022 --max-train-season 2024 --val-season 2023 --test-season 2024 --te-fit-prior --depth 8 --seeds 3,4,5 --tag P1A_base
2026-08-13 05:27	DESKTOP-053T952	P1A_base_s4	cat	2023	2024	4	748	588.82	868.28	--model cat --feat-v2 --feat-k 200 --te p,pc,ph,b,pi --te-k 50 --te-dev --feat-std --std-k 80 --std-to-prior --std-season-prior --feat-domain --feat-skill-pc --lr 0.01 --iters 3000 --es 500 --l2 10 --border-count 254 --loss Logloss --eval-metric Logloss --refit-mult 1.5 --drop-f-pre 2022 --max-train-season 2024 --val-season 2023 --test-season 2024 --te-fit-prior --depth 8 --seeds 3,4,5 --tag P1A_base
2026-08-13 05:29	DESKTOP-053T952	P1A_base_s5	cat	2023	2024	5	855	598.75	859.13	--model cat --feat-v2 --feat-k 200 --te p,pc,ph,b,pi --te-k 50 --te-dev --feat-std --std-k 80 --std-to-prior --std-season-prior --feat-domain --feat-skill-pc --lr 0.01 --iters 3000 --es 500 --l2 10 --border-count 254 --loss Logloss --eval-metric Logloss --refit-mult 1.5 --drop-f-pre 2022 --max-train-season 2024 --val-season 2023 --test-season 2024 --te-fit-prior --depth 8 --seeds 3,4,5 --tag P1A_base
2026-08-13 05:33	DESKTOP-053T952	P1A_cell_s3	cat	2023	2024	3	2989	595.38	888.10	--model cat --feat-v2 --feat-k 200 --te p,pc,ph,b,pi --te-k 50 --te-dev --feat-std --std-k 80 --std-to-prior --std-season-prior --feat-domain --feat-skill-pc --lr 0.01 --iters 3000 --es 500 --l2 10 --border-count 254 --loss Logloss --eval-metric Logloss --refit-mult 1.5 --drop-f-pre 2022 --max-train-season 2024 --val-season 2023 --test-season 2024 --te-fit-prior --depth 5 --failmode-cells --fm-modes middle,ball,reverse --fm-min-share 0.005 --seeds 3,4,5 --tag P1A_cell
2026-08-13 05:37	DESKTOP-053T952	P1A_cell_s4	cat	2023	2024	4	2998	600.67	887.87	--model cat --feat-v2 --feat-k 200 --te p,pc,ph,b,pi --te-k 50 --te-dev --feat-std --std-k 80 --std-to-prior --std-season-prior --feat-domain --feat-skill-pc --lr 0.01 --iters 3000 --es 500 --l2 10 --border-count 254 --loss Logloss --eval-metric Logloss --refit-mult 1.5 --drop-f-pre 2022 --max-train-season 2024 --val-season 2023 --test-season 2024 --te-fit-prior --depth 5 --failmode-cells --fm-modes middle,ball,reverse --fm-min-share 0.005 --seeds 3,4,5 --tag P1A_cell
2026-08-13 05:41	DESKTOP-053T952	P1A_cell_s5	cat	2023	2024	5	2989	600.63	886.82	--model cat --feat-v2 --feat-k 200 --te p,pc,ph,b,pi --te-k 50 --te-dev --feat-std --std-k 80 --std-to-prior --std-season-prior --feat-domain --feat-skill-pc --lr 0.01 --iters 3000 --es 500 --l2 10 --border-count 254 --loss Logloss --eval-metric Logloss --refit-mult 1.5 --drop-f-pre 2022 --max-train-season 2024 --val-season 2023 --test-season 2024 --te-fit-prior --depth 5 --failmode-cells --fm-modes middle,ball,reverse --fm-min-share 0.005 --seeds 3,4,5 --tag P1A_cell
2026-08-13 05:43	DESKTOP-053T952	P1B_base_s3	cat	2023	2024	3	692	584.18	850.36	--model cat --feat-v2 --feat-k 200 --te p,pc,ph,b,pi --te-k 50 --te-dev --feat-std --std-k 80 --std-to-prior --std-season-prior --feat-domain --feat-skill-pc --lr 0.01 --iters 3000 --es 500 --l2 10 --border-count 254 --loss Logloss --eval-metric Logloss --refit-mult 1.5 --drop-f-pre 2022 --max-train-season 2024 --val-season 2023 --test-season 2024 --skill-neutral-first --depth 8 --seeds 3,4,5 --tag P1B_base
2026-08-13 05:44	DESKTOP-053T952	P1B_base_s4	cat	2023	2024	4	819	602.52	857.35	--model cat --feat-v2 --feat-k 200 --te p,pc,ph,b,pi --te-k 50 --te-dev --feat-std --std-k 80 --std-to-prior --std-season-prior --feat-domain --feat-skill-pc --lr 0.01 --iters 3000 --es 500 --l2 10 --border-count 254 --loss Logloss --eval-metric Logloss --refit-mult 1.5 --drop-f-pre 2022 --max-train-season 2024 --val-season 2023 --test-season 2024 --skill-neutral-first --depth 8 --seeds 3,4,5 --tag P1B_base
2026-08-13 05:46	DESKTOP-053T952	P1B_base_s5	cat	2023	2024	5	578	596.68	847.21	--model cat --feat-v2 --feat-k 200 --te p,pc,ph,b,pi --te-k 50 --te-dev --feat-std --std-k 80 --std-to-prior --std-season-prior --feat-domain --feat-skill-pc --lr 0.01 --iters 3000 --es 500 --l2 10 --border-count 254 --loss Logloss --eval-metric Logloss --refit-mult 1.5 --drop-f-pre 2022 --max-train-season 2024 --val-season 2023 --test-season 2024 --skill-neutral-first --depth 8 --seeds 3,4,5 --tag P1B_base
2026-08-13 05:50	DESKTOP-053T952	P1B_cell_s3	cat	2023	2024	3	2995	599.27	880.76	--model cat --feat-v2 --feat-k 200 --te p,pc,ph,b,pi --te-k 50 --te-dev --feat-std --std-k 80 --std-to-prior --std-season-prior --feat-domain --feat-skill-pc --lr 0.01 --iters 3000 --es 500 --l2 10 --border-count 254 --loss Logloss --eval-metric Logloss --refit-mult 1.5 --drop-f-pre 2022 --max-train-season 2024 --val-season 2023 --test-season 2024 --skill-neutral-first --depth 5 --failmode-cells --fm-modes middle,ball,reverse --fm-min-share 0.005 --seeds 3,4,5 --tag P1B_cell
2026-08-13 05:54	DESKTOP-053T952	P1B_cell_s4	cat	2023	2024	4	2651	603.04	885.56	--model cat --feat-v2 --feat-k 200 --te p,pc,ph,b,pi --te-k 50 --te-dev --feat-std --std-k 80 --std-to-prior --std-season-prior --feat-domain --feat-skill-pc --lr 0.01 --iters 3000 --es 500 --l2 10 --border-count 254 --loss Logloss --eval-metric Logloss --refit-mult 1.5 --drop-f-pre 2022 --max-train-season 2024 --val-season 2023 --test-season 2024 --skill-neutral-first --depth 5 --failmode-cells --fm-modes middle,ball,reverse --fm-min-share 0.005 --seeds 3,4,5 --tag P1B_cell
2026-08-13 05:58	DESKTOP-053T952	P1B_cell_s5	cat	2023	2024	5	2990	599.59	886.30	--model cat --feat-v2 --feat-k 200 --te p,pc,ph,b,pi --te-k 50 --te-dev --feat-std --std-k 80 --std-to-prior --std-season-prior --feat-domain --feat-skill-pc --lr 0.01 --iters 3000 --es 500 --l2 10 --border-count 254 --loss Logloss --eval-metric Logloss --refit-mult 1.5 --drop-f-pre 2022 --max-train-season 2024 --val-season 2023 --test-season 2024 --skill-neutral-first --depth 5 --failmode-cells --fm-modes middle,ball,reverse --fm-min-share 0.005 --seeds 3,4,5 --tag P1B_cell
2026-08-13 06:00	DESKTOP-053T952	P1C_base_s3	cat	2023	2024	3	671	579.27	861.51	--model cat --feat-v2 --feat-k 200 --te p,pc,ph,b,pi --te-k 50 --te-dev --feat-std --std-k 80 --std-to-prior --std-season-prior --feat-domain --feat-skill-pc --lr 0.01 --iters 3000 --es 500 --l2 10 --border-count 254 --loss Logloss --eval-metric Logloss --refit-mult 1.5 --drop-f-pre 2022 --max-train-season 2024 --val-season 2023 --test-season 2024 --two-stage-artifact --depth 8 --seeds 3,4,5 --tag P1C_base
2026-08-13 06:01	DESKTOP-053T952	P1C_base_s4	cat	2023	2024	4	744	595.16	865.79	--model cat --feat-v2 --feat-k 200 --te p,pc,ph,b,pi --te-k 50 --te-dev --feat-std --std-k 80 --std-to-prior --std-season-prior --feat-domain --feat-skill-pc --lr 0.01 --iters 3000 --es 500 --l2 10 --border-count 254 --loss Logloss --eval-metric Logloss --refit-mult 1.5 --drop-f-pre 2022 --max-train-season 2024 --val-season 2023 --test-season 2024 --two-stage-artifact --depth 8 --seeds 3,4,5 --tag P1C_base
2026-08-13 06:03	DESKTOP-053T952	P1C_base_s5	cat	2023	2024	5	839	589.81	869.18	--model cat --feat-v2 --feat-k 200 --te p,pc,ph,b,pi --te-k 50 --te-dev --feat-std --std-k 80 --std-to-prior --std-season-prior --feat-domain --feat-skill-pc --lr 0.01 --iters 3000 --es 500 --l2 10 --border-count 254 --loss Logloss --eval-metric Logloss --refit-mult 1.5 --drop-f-pre 2022 --max-train-season 2024 --val-season 2023 --test-season 2024 --two-stage-artifact --depth 8 --seeds 3,4,5 --tag P1C_base
2026-08-13 06:08	DESKTOP-053T952	P1C_cell_s3	cat	2023	2024	3	2981	595.15	886.35	--model cat --feat-v2 --feat-k 200 --te p,pc,ph,b,pi --te-k 50 --te-dev --feat-std --std-k 80 --std-to-prior --std-season-prior --feat-domain --feat-skill-pc --lr 0.01 --iters 3000 --es 500 --l2 10 --border-count 254 --loss Logloss --eval-metric Logloss --refit-mult 1.5 --drop-f-pre 2022 --max-train-season 2024 --val-season 2023 --test-season 2024 --two-stage-artifact --depth 5 --failmode-cells --fm-modes middle,ball,reverse --fm-min-share 0.005 --seeds 3,4,5 --tag P1C_cell
2026-08-13 06:12	DESKTOP-053T952	P1C_cell_s4	cat	2023	2024	4	2998	598.70	889.36	--model cat --feat-v2 --feat-k 200 --te p,pc,ph,b,pi --te-k 50 --te-dev --feat-std --std-k 80 --std-to-prior --std-season-prior --feat-domain --feat-skill-pc --lr 0.01 --iters 3000 --es 500 --l2 10 --border-count 254 --loss Logloss --eval-metric Logloss --refit-mult 1.5 --drop-f-pre 2022 --max-train-season 2024 --val-season 2023 --test-season 2024 --two-stage-artifact --depth 5 --failmode-cells --fm-modes middle,ball,reverse --fm-min-share 0.005 --seeds 3,4,5 --tag P1C_cell
2026-08-13 06:16	DESKTOP-053T952	P1C_cell_s5	cat	2023	2024	5	2990	596.61	882.73	--model cat --feat-v2 --feat-k 200 --te p,pc,ph,b,pi --te-k 50 --te-dev --feat-std --std-k 80 --std-to-prior --std-season-prior --feat-domain --feat-skill-pc --lr 0.01 --iters 3000 --es 500 --l2 10 --border-count 254 --loss Logloss --eval-metric Logloss --refit-mult 1.5 --drop-f-pre 2022 --max-train-season 2024 --val-season 2023 --test-season 2024 --two-stage-artifact --depth 5 --failmode-cells --fm-modes middle,ball,reverse --fm-min-share 0.005 --seeds 3,4,5 --tag P1C_cell
2026-08-13 06:30	DESKTOP-053T952	ANCH_base_s3	cat	2023	2024	3	827	575.78	865.18	--model cat --feat-v2 --feat-k 200 --te p,pc,ph,b,pi --te-k 50 --te-dev --feat-std --std-k 80 --std-to-prior --std-season-prior --feat-domain --feat-skill-pc --lr 0.01 --iters 3000 --es 500 --l2 10 --border-count 254 --loss Logloss --eval-metric Logloss --refit-mult 1.5 --drop-f-pre 2022 --max-train-season 2024 --val-season 2023 --test-season 2024 --anchor-last-pitch --depth 8 --seeds 3,4,5 --tag ANCH_base
2026-08-13 06:32	DESKTOP-053T952	ANCH_base_s4	cat	2023	2024	4	774	593.91	869.93	--model cat --feat-v2 --feat-k 200 --te p,pc,ph,b,pi --te-k 50 --te-dev --feat-std --std-k 80 --std-to-prior --std-season-prior --feat-domain --feat-skill-pc --lr 0.01 --iters 3000 --es 500 --l2 10 --border-count 254 --loss Logloss --eval-metric Logloss --refit-mult 1.5 --drop-f-pre 2022 --max-train-season 2024 --val-season 2023 --test-season 2024 --anchor-last-pitch --depth 8 --seeds 3,4,5 --tag ANCH_base
2026-08-13 06:34	DESKTOP-053T952	ANCH_base_s5	cat	2023	2024	5	803	589.41	871.89	--model cat --feat-v2 --feat-k 200 --te p,pc,ph,b,pi --te-k 50 --te-dev --feat-std --std-k 80 --std-to-prior --std-season-prior --feat-domain --feat-skill-pc --lr 0.01 --iters 3000 --es 500 --l2 10 --border-count 254 --loss Logloss --eval-metric Logloss --refit-mult 1.5 --drop-f-pre 2022 --max-train-season 2024 --val-season 2023 --test-season 2024 --anchor-last-pitch --depth 8 --seeds 3,4,5 --tag ANCH_base
2026-08-13 06:38	DESKTOP-053T952	ANCH_cell_s3	cat	2023	2024	3	2990	594.90	885.58	--model cat --feat-v2 --feat-k 200 --te p,pc,ph,b,pi --te-k 50 --te-dev --feat-std --std-k 80 --std-to-prior --std-season-prior --feat-domain --feat-skill-pc --lr 0.01 --iters 3000 --es 500 --l2 10 --border-count 254 --loss Logloss --eval-metric Logloss --refit-mult 1.5 --drop-f-pre 2022 --max-train-season 2024 --val-season 2023 --test-season 2024 --anchor-last-pitch --depth 5 --failmode-cells --fm-modes middle,ball,reverse --fm-min-share 0.005 --seeds 3,4,5 --tag ANCH_cell
2026-08-13 06:42	DESKTOP-053T952	ANCH_cell_s4	cat	2023	2024	4	2957	599.78	886.72	--model cat --feat-v2 --feat-k 200 --te p,pc,ph,b,pi --te-k 50 --te-dev --feat-std --std-k 80 --std-to-prior --std-season-prior --feat-domain --feat-skill-pc --lr 0.01 --iters 3000 --es 500 --l2 10 --border-count 254 --loss Logloss --eval-metric Logloss --refit-mult 1.5 --drop-f-pre 2022 --max-train-season 2024 --val-season 2023 --test-season 2024 --anchor-last-pitch --depth 5 --failmode-cells --fm-modes middle,ball,reverse --fm-min-share 0.005 --seeds 3,4,5 --tag ANCH_cell
2026-08-13 06:46	DESKTOP-053T952	ANCH_cell_s5	cat	2023	2024	5	2936	604.73	883.90	--model cat --feat-v2 --feat-k 200 --te p,pc,ph,b,pi --te-k 50 --te-dev --feat-std --std-k 80 --std-to-prior --std-season-prior --feat-domain --feat-skill-pc --lr 0.01 --iters 3000 --es 500 --l2 10 --border-count 254 --loss Logloss --eval-metric Logloss --refit-mult 1.5 --drop-f-pre 2022 --max-train-season 2024 --val-season 2023 --test-season 2024 --anchor-last-pitch --depth 5 --failmode-cells --fm-modes middle,ball,reverse --fm-min-share 0.005 --seeds 3,4,5 --tag ANCH_cell
2026-08-13 06:50	DESKTOP-053T952	ANCH6_base_s3	cat	2023	2024	3	864	585.89	871.50	--model cat --feat-v2 --feat-k 200 --te p,pc,ph,b,pi --te-k 50 --te-dev --feat-std --std-k 80 --std-to-prior --std-season-prior --feat-domain --feat-skill-pc --lr 0.01 --iters 3000 --es 500 --l2 10 --border-count 254 --loss Logloss --eval-metric Logloss --refit-mult 1.5 --drop-f-pre 2022 --max-train-season 2024 --val-season 2023 --test-season 2024 --p1 --anchor-last-pitch --depth 8 --seeds 3,4,5,6,8,13 --tag ANCH6_base
2026-08-13 06:52	DESKTOP-053T952	ANCH6_base_s4	cat	2023	2024	4	791	594.75	869.73	--model cat --feat-v2 --feat-k 200 --te p,pc,ph,b,pi --te-k 50 --te-dev --feat-std --std-k 80 --std-to-prior --std-season-prior --feat-domain --feat-skill-pc --lr 0.01 --iters 3000 --es 500 --l2 10 --border-count 254 --loss Logloss --eval-metric Logloss --refit-mult 1.5 --drop-f-pre 2022 --max-train-season 2024 --val-season 2023 --test-season 2024 --p1 --anchor-last-pitch --depth 8 --seeds 3,4,5,6,8,13 --tag ANCH6_base
2026-08-13 06:53	DESKTOP-053T952	ANCH6_base_s5	cat	2023	2024	5	855	598.31	862.50	--model cat --feat-v2 --feat-k 200 --te p,pc,ph,b,pi --te-k 50 --te-dev --feat-std --std-k 80 --std-to-prior --std-season-prior --feat-domain --feat-skill-pc --lr 0.01 --iters 3000 --es 500 --l2 10 --border-count 254 --loss Logloss --eval-metric Logloss --refit-mult 1.5 --drop-f-pre 2022 --max-train-season 2024 --val-season 2023 --test-season 2024 --p1 --anchor-last-pitch --depth 8 --seeds 3,4,5,6,8,13 --tag ANCH6_base
2026-08-13 06:55	DESKTOP-053T952	ANCH6_base_s6	cat	2023	2024	6	809	590.78	869.80	--model cat --feat-v2 --feat-k 200 --te p,pc,ph,b,pi --te-k 50 --te-dev --feat-std --std-k 80 --std-to-prior --std-season-prior --feat-domain --feat-skill-pc --lr 0.01 --iters 3000 --es 500 --l2 10 --border-count 254 --loss Logloss --eval-metric Logloss --refit-mult 1.5 --drop-f-pre 2022 --max-train-season 2024 --val-season 2023 --test-season 2024 --p1 --anchor-last-pitch --depth 8 --seeds 3,4,5,6,8,13 --tag ANCH6_base
2026-08-13 06:57	DESKTOP-053T952	ANCH6_base_s8	cat	2023	2024	8	771	603.11	869.48	--model cat --feat-v2 --feat-k 200 --te p,pc,ph,b,pi --te-k 50 --te-dev --feat-std --std-k 80 --std-to-prior --std-season-prior --feat-domain --feat-skill-pc --lr 0.01 --iters 3000 --es 500 --l2 10 --border-count 254 --loss Logloss --eval-metric Logloss --refit-mult 1.5 --drop-f-pre 2022 --max-train-season 2024 --val-season 2023 --test-season 2024 --p1 --anchor-last-pitch --depth 8 --seeds 3,4,5,6,8,13 --tag ANCH6_base
2026-08-13 06:59	DESKTOP-053T952	ANCH6_base_s13	cat	2023	2024	13	687	596.45	862.50	--model cat --feat-v2 --feat-k 200 --te p,pc,ph,b,pi --te-k 50 --te-dev --feat-std --std-k 80 --std-to-prior --std-season-prior --feat-domain --feat-skill-pc --lr 0.01 --iters 3000 --es 500 --l2 10 --border-count 254 --loss Logloss --eval-metric Logloss --refit-mult 1.5 --drop-f-pre 2022 --max-train-season 2024 --val-season 2023 --test-season 2024 --p1 --anchor-last-pitch --depth 8 --seeds 3,4,5,6,8,13 --tag ANCH6_base
2026-08-13 07:03	DESKTOP-053T952	ANCH6_cell_s3	cat	2023	2024	3	2989	596.57	884.09	--model cat --feat-v2 --feat-k 200 --te p,pc,ph,b,pi --te-k 50 --te-dev --feat-std --std-k 80 --std-to-prior --std-season-prior --feat-domain --feat-skill-pc --lr 0.01 --iters 3000 --es 500 --l2 10 --border-count 254 --loss Logloss --eval-metric Logloss --refit-mult 1.5 --drop-f-pre 2022 --max-train-season 2024 --val-season 2023 --test-season 2024 --p1 --anchor-last-pitch --depth 5 --failmode-cells --fm-modes middle,ball,reverse --fm-min-share 0.005 --seeds 3,4,5,6,8,13 --tag ANCH6_cell
2026-08-13 07:07	DESKTOP-053T952	ANCH6_cell_s4	cat	2023	2024	4	2979	597.60	888.50	--model cat --feat-v2 --feat-k 200 --te p,pc,ph,b,pi --te-k 50 --te-dev --feat-std --std-k 80 --std-to-prior --std-season-prior --feat-domain --feat-skill-pc --lr 0.01 --iters 3000 --es 500 --l2 10 --border-count 254 --loss Logloss --eval-metric Logloss --refit-mult 1.5 --drop-f-pre 2022 --max-train-season 2024 --val-season 2023 --test-season 2024 --p1 --anchor-last-pitch --depth 5 --failmode-cells --fm-modes middle,ball,reverse --fm-min-share 0.005 --seeds 3,4,5,6,8,13 --tag ANCH6_cell
2026-08-13 07:11	DESKTOP-053T952	ANCH6_cell_s5	cat	2023	2024	5	2788	596.66	889.58	--model cat --feat-v2 --feat-k 200 --te p,pc,ph,b,pi --te-k 50 --te-dev --feat-std --std-k 80 --std-to-prior --std-season-prior --feat-domain --feat-skill-pc --lr 0.01 --iters 3000 --es 500 --l2 10 --border-count 254 --loss Logloss --eval-metric Logloss --refit-mult 1.5 --drop-f-pre 2022 --max-train-season 2024 --val-season 2023 --test-season 2024 --p1 --anchor-last-pitch --depth 5 --failmode-cells --fm-modes middle,ball,reverse --fm-min-share 0.005 --seeds 3,4,5,6,8,13 --tag ANCH6_cell
2026-08-13 07:16	DESKTOP-053T952	ANCH6_cell_s6	cat	2023	2024	6	2958	597.70	887.87	--model cat --feat-v2 --feat-k 200 --te p,pc,ph,b,pi --te-k 50 --te-dev --feat-std --std-k 80 --std-to-prior --std-season-prior --feat-domain --feat-skill-pc --lr 0.01 --iters 3000 --es 500 --l2 10 --border-count 254 --loss Logloss --eval-metric Logloss --refit-mult 1.5 --drop-f-pre 2022 --max-train-season 2024 --val-season 2023 --test-season 2024 --p1 --anchor-last-pitch --depth 5 --failmode-cells --fm-modes middle,ball,reverse --fm-min-share 0.005 --seeds 3,4,5,6,8,13 --tag ANCH6_cell
2026-08-13 07:20	DESKTOP-053T952	ANCH6_cell_s8	cat	2023	2024	8	2994	605.58	889.63	--model cat --feat-v2 --feat-k 200 --te p,pc,ph,b,pi --te-k 50 --te-dev --feat-std --std-k 80 --std-to-prior --std-season-prior --feat-domain --feat-skill-pc --lr 0.01 --iters 3000 --es 500 --l2 10 --border-count 254 --loss Logloss --eval-metric Logloss --refit-mult 1.5 --drop-f-pre 2022 --max-train-season 2024 --val-season 2023 --test-season 2024 --p1 --anchor-last-pitch --depth 5 --failmode-cells --fm-modes middle,ball,reverse --fm-min-share 0.005 --seeds 3,4,5,6,8,13 --tag ANCH6_cell
2026-08-13 07:24	DESKTOP-053T952	ANCH6_cell_s13	cat	2023	2024	13	2998	596.14	884.27	--model cat --feat-v2 --feat-k 200 --te p,pc,ph,b,pi --te-k 50 --te-dev --feat-std --std-k 80 --std-to-prior --std-season-prior --feat-domain --feat-skill-pc --lr 0.01 --iters 3000 --es 500 --l2 10 --border-count 254 --loss Logloss --eval-metric Logloss --refit-mult 1.5 --drop-f-pre 2022 --max-train-season 2024 --val-season 2023 --test-season 2024 --p1 --anchor-last-pitch --depth 5 --failmode-cells --fm-modes middle,ball,reverse --fm-min-share 0.005 --seeds 3,4,5,6,8,13 --tag ANCH6_cell
2026-08-13 07:28	DESKTOP-053T952	B1S_base_s3	cat	2024		3	1139	909.00	nan	--model cat --feat-v2 --feat-k 200 --te p,pc,ph,b,pi --te-k 50 --te-dev --feat-std --std-k 80 --std-to-prior --std-season-prior --feat-domain --feat-skill-pc --lr 0.01 --iters 3000 --es 500 --l2 10 --border-count 254 --loss Logloss --eval-metric Logloss --refit-mult 1.5 --val-season 2024 --p1 --depth 8 --seeds 3,4,5,6,8,13 --tag B1S_base
2026-08-13 07:31	DESKTOP-053T952	B1S_base_s4	cat	2024		4	1169	910.62	nan	--model cat --feat-v2 --feat-k 200 --te p,pc,ph,b,pi --te-k 50 --te-dev --feat-std --std-k 80 --std-to-prior --std-season-prior --feat-domain --feat-skill-pc --lr 0.01 --iters 3000 --es 500 --l2 10 --border-count 254 --loss Logloss --eval-metric Logloss --refit-mult 1.5 --val-season 2024 --p1 --depth 8 --seeds 3,4,5,6,8,13 --tag B1S_base
2026-08-13 07:35	DESKTOP-053T952	B1S_base_s5	cat	2024		5	1758	917.53	nan	--model cat --feat-v2 --feat-k 200 --te p,pc,ph,b,pi --te-k 50 --te-dev --feat-std --std-k 80 --std-to-prior --std-season-prior --feat-domain --feat-skill-pc --lr 0.01 --iters 3000 --es 500 --l2 10 --border-count 254 --loss Logloss --eval-metric Logloss --refit-mult 1.5 --val-season 2024 --p1 --depth 8 --seeds 3,4,5,6,8,13 --tag B1S_base
2026-08-13 07:38	DESKTOP-053T952	B1S_base_s6	cat	2024		6	968	912.06	nan	--model cat --feat-v2 --feat-k 200 --te p,pc,ph,b,pi --te-k 50 --te-dev --feat-std --std-k 80 --std-to-prior --std-season-prior --feat-domain --feat-skill-pc --lr 0.01 --iters 3000 --es 500 --l2 10 --border-count 254 --loss Logloss --eval-metric Logloss --refit-mult 1.5 --val-season 2024 --p1 --depth 8 --seeds 3,4,5,6,8,13 --tag B1S_base
2026-08-13 07:40	DESKTOP-053T952	B1S_base_s8	cat	2024		8	955	916.17	nan	--model cat --feat-v2 --feat-k 200 --te p,pc,ph,b,pi --te-k 50 --te-dev --feat-std --std-k 80 --std-to-prior --std-season-prior --feat-domain --feat-skill-pc --lr 0.01 --iters 3000 --es 500 --l2 10 --border-count 254 --loss Logloss --eval-metric Logloss --refit-mult 1.5 --val-season 2024 --p1 --depth 8 --seeds 3,4,5,6,8,13 --tag B1S_base
2026-08-13 07:43	DESKTOP-053T952	B1S_base_s13	cat	2024		13	1298	916.57	nan	--model cat --feat-v2 --feat-k 200 --te p,pc,ph,b,pi --te-k 50 --te-dev --feat-std --std-k 80 --std-to-prior --std-season-prior --feat-domain --feat-skill-pc --lr 0.01 --iters 3000 --es 500 --l2 10 --border-count 254 --loss Logloss --eval-metric Logloss --refit-mult 1.5 --val-season 2024 --p1 --depth 8 --seeds 3,4,5,6,8,13 --tag B1S_base
2026-08-13 07:49	DESKTOP-053T952	B1S_cell_s3	cat	2024		3	2999	920.04	nan	--model cat --feat-v2 --feat-k 200 --te p,pc,ph,b,pi --te-k 50 --te-dev --feat-std --std-k 80 --std-to-prior --std-season-prior --feat-domain --feat-skill-pc --lr 0.01 --iters 3000 --es 500 --l2 10 --border-count 254 --loss Logloss --eval-metric Logloss --refit-mult 1.5 --val-season 2024 --p1 --depth 5 --failmode-cells --fm-modes middle,ball,reverse --fm-min-share 0.005 --seeds 3,4,5,6,8,13 --tag B1S_cell
2026-08-13 07:54	DESKTOP-053T952	B1S_cell_s4	cat	2024		4	2999	910.23	nan	--model cat --feat-v2 --feat-k 200 --te p,pc,ph,b,pi --te-k 50 --te-dev --feat-std --std-k 80 --std-to-prior --std-season-prior --feat-domain --feat-skill-pc --lr 0.01 --iters 3000 --es 500 --l2 10 --border-count 254 --loss Logloss --eval-metric Logloss --refit-mult 1.5 --val-season 2024 --p1 --depth 5 --failmode-cells --fm-modes middle,ball,reverse --fm-min-share 0.005 --seeds 3,4,5,6,8,13 --tag B1S_cell
2026-08-13 07:59	DESKTOP-053T952	B1S_cell_s5	cat	2024		5	2999	908.92	nan	--model cat --feat-v2 --feat-k 200 --te p,pc,ph,b,pi --te-k 50 --te-dev --feat-std --std-k 80 --std-to-prior --std-season-prior --feat-domain --feat-skill-pc --lr 0.01 --iters 3000 --es 500 --l2 10 --border-count 254 --loss Logloss --eval-metric Logloss --refit-mult 1.5 --val-season 2024 --p1 --depth 5 --failmode-cells --fm-modes middle,ball,reverse --fm-min-share 0.005 --seeds 3,4,5,6,8,13 --tag B1S_cell
2026-08-13 08:04	DESKTOP-053T952	B1S_cell_s6	cat	2024		6	2997	911.27	nan	--model cat --feat-v2 --feat-k 200 --te p,pc,ph,b,pi --te-k 50 --te-dev --feat-std --std-k 80 --std-to-prior --std-season-prior --feat-domain --feat-skill-pc --lr 0.01 --iters 3000 --es 500 --l2 10 --border-count 254 --loss Logloss --eval-metric Logloss --refit-mult 1.5 --val-season 2024 --p1 --depth 5 --failmode-cells --fm-modes middle,ball,reverse --fm-min-share 0.005 --seeds 3,4,5,6,8,13 --tag B1S_cell
2026-08-13 08:10	DESKTOP-053T952	B1S_cell_s8	cat	2024		8	2994	917.05	nan	--model cat --feat-v2 --feat-k 200 --te p,pc,ph,b,pi --te-k 50 --te-dev --feat-std --std-k 80 --std-to-prior --std-season-prior --feat-domain --feat-skill-pc --lr 0.01 --iters 3000 --es 500 --l2 10 --border-count 254 --loss Logloss --eval-metric Logloss --refit-mult 1.5 --val-season 2024 --p1 --depth 5 --failmode-cells --fm-modes middle,ball,reverse --fm-min-share 0.005 --seeds 3,4,5,6,8,13 --tag B1S_cell
2026-08-13 08:15	DESKTOP-053T952	B1S_cell_s13	cat	2024		13	2985	919.28	nan	--model cat --feat-v2 --feat-k 200 --te p,pc,ph,b,pi --te-k 50 --te-dev --feat-std --std-k 80 --std-to-prior --std-season-prior --feat-domain --feat-skill-pc --lr 0.01 --iters 3000 --es 500 --l2 10 --border-count 254 --loss Logloss --eval-metric Logloss --refit-mult 1.5 --val-season 2024 --p1 --depth 5 --failmode-cells --fm-modes middle,ball,reverse --fm-min-share 0.005 --seeds 3,4,5,6,8,13 --tag B1S_cell
2026-08-13 13:19	DESKTOP-053T952	DMIX_base	cat	2024		3	1206	909.36	nan	--model cat --feat-v2 --feat-k 200 --te p,pc,ph,b,pi --te-k 50 --te-dev --feat-std --std-k 80 --std-to-prior --std-season-prior --feat-domain --feat-skill-pc --lr 0.01 --iters 3000 --es 500 --l2 10 --border-count 254 --loss Logloss --eval-metric Logloss --refit-mult 1.5 --val-season 2024 --p1 --extra-feats data/processed/expected_mix.csv --depth 8 --seeds 3 --tag DMIX_base
2026-08-13 13:25	DESKTOP-053T952	DMIX_cell	cat	2024		3	2998	921.32	nan	--model cat --feat-v2 --feat-k 200 --te p,pc,ph,b,pi --te-k 50 --te-dev --feat-std --std-k 80 --std-to-prior --std-season-prior --feat-domain --feat-skill-pc --lr 0.01 --iters 3000 --es 500 --l2 10 --border-count 254 --loss Logloss --eval-metric Logloss --refit-mult 1.5 --val-season 2024 --p1 --extra-feats data/processed/expected_mix.csv --depth 5 --failmode-cells --fm-modes middle,ball,reverse --fm-min-share 0.005 --seeds 3 --tag DMIX_cell
2026-08-13 13:28	DESKTOP-053T952	DMIX6_base_s3	cat	2024		3	1207	910.47	nan	--model cat --feat-v2 --feat-k 200 --te p,pc,ph,b,pi --te-k 50 --te-dev --feat-std --std-k 80 --std-to-prior --std-season-prior --feat-domain --feat-skill-pc --lr 0.01 --iters 3000 --es 500 --l2 10 --border-count 254 --loss Logloss --eval-metric Logloss --refit-mult 1.5 --val-season 2024 --p1 --extra-feats data/processed/expected_mix.csv --depth 8 --seeds 3,4,5,6,8,13 --tag DMIX6_base
2026-08-13 13:31	DESKTOP-053T952	DMIX6_base_s4	cat	2024		4	1328	917.14	nan	--model cat --feat-v2 --feat-k 200 --te p,pc,ph,b,pi --te-k 50 --te-dev --feat-std --std-k 80 --std-to-prior --std-season-prior --feat-domain --feat-skill-pc --lr 0.01 --iters 3000 --es 500 --l2 10 --border-count 254 --loss Logloss --eval-metric Logloss --refit-mult 1.5 --val-season 2024 --p1 --extra-feats data/processed/expected_mix.csv --depth 8 --seeds 3,4,5,6,8,13 --tag DMIX6_base
2026-08-13 13:35	DESKTOP-053T952	DMIX6_base_s5	cat	2024		5	1708	917.71	nan	--model cat --feat-v2 --feat-k 200 --te p,pc,ph,b,pi --te-k 50 --te-dev --feat-std --std-k 80 --std-to-prior --std-season-prior --feat-domain --feat-skill-pc --lr 0.01 --iters 3000 --es 500 --l2 10 --border-count 254 --loss Logloss --eval-metric Logloss --refit-mult 1.5 --val-season 2024 --p1 --extra-feats data/processed/expected_mix.csv --depth 8 --seeds 3,4,5,6,8,13 --tag DMIX6_base
2026-08-13 13:38	DESKTOP-053T952	DMIX6_base_s6	cat	2024		6	1240	914.87	nan	--model cat --feat-v2 --feat-k 200 --te p,pc,ph,b,pi --te-k 50 --te-dev --feat-std --std-k 80 --std-to-prior --std-season-prior --feat-domain --feat-skill-pc --lr 0.01 --iters 3000 --es 500 --l2 10 --border-count 254 --loss Logloss --eval-metric Logloss --refit-mult 1.5 --val-season 2024 --p1 --extra-feats data/processed/expected_mix.csv --depth 8 --seeds 3,4,5,6,8,13 --tag DMIX6_base
2026-08-13 13:41	DESKTOP-053T952	DMIX6_base_s8	cat	2024		8	1030	912.85	nan	--model cat --feat-v2 --feat-k 200 --te p,pc,ph,b,pi --te-k 50 --te-dev --feat-std --std-k 80 --std-to-prior --std-season-prior --feat-domain --feat-skill-pc --lr 0.01 --iters 3000 --es 500 --l2 10 --border-count 254 --loss Logloss --eval-metric Logloss --refit-mult 1.5 --val-season 2024 --p1 --extra-feats data/processed/expected_mix.csv --depth 8 --seeds 3,4,5,6,8,13 --tag DMIX6_base
2026-08-13 13:44	DESKTOP-053T952	DMIX6_base_s13	cat	2024		13	1525	916.97	nan	--model cat --feat-v2 --feat-k 200 --te p,pc,ph,b,pi --te-k 50 --te-dev --feat-std --std-k 80 --std-to-prior --std-season-prior --feat-domain --feat-skill-pc --lr 0.01 --iters 3000 --es 500 --l2 10 --border-count 254 --loss Logloss --eval-metric Logloss --refit-mult 1.5 --val-season 2024 --p1 --extra-feats data/processed/expected_mix.csv --depth 8 --seeds 3,4,5,6,8,13 --tag DMIX6_base
2026-08-13 13:50	DESKTOP-053T952	DMIX6_cell_s3	cat	2024		3	2998	921.32	nan	--model cat --feat-v2 --feat-k 200 --te p,pc,ph,b,pi --te-k 50 --te-dev --feat-std --std-k 80 --std-to-prior --std-season-prior --feat-domain --feat-skill-pc --lr 0.01 --iters 3000 --es 500 --l2 10 --border-count 254 --loss Logloss --eval-metric Logloss --refit-mult 1.5 --val-season 2024 --p1 --extra-feats data/processed/expected_mix.csv --depth 5 --failmode-cells --fm-modes middle,ball,reverse --fm-min-share 0.005 --seeds 3,4,5,6,8,13 --tag DMIX6_cell
2026-08-13 13:55	DESKTOP-053T952	DMIX6_cell_s4	cat	2024		4	2997	911.97	nan	--model cat --feat-v2 --feat-k 200 --te p,pc,ph,b,pi --te-k 50 --te-dev --feat-std --std-k 80 --std-to-prior --std-season-prior --feat-domain --feat-skill-pc --lr 0.01 --iters 3000 --es 500 --l2 10 --border-count 254 --loss Logloss --eval-metric Logloss --refit-mult 1.5 --val-season 2024 --p1 --extra-feats data/processed/expected_mix.csv --depth 5 --failmode-cells --fm-modes middle,ball,reverse --fm-min-share 0.005 --seeds 3,4,5,6,8,13 --tag DMIX6_cell
2026-08-13 14:00	DESKTOP-053T952	DMIX6_cell_s5	cat	2024		5	2998	914.86	nan	--model cat --feat-v2 --feat-k 200 --te p,pc,ph,b,pi --te-k 50 --te-dev --feat-std --std-k 80 --std-to-prior --std-season-prior --feat-domain --feat-skill-pc --lr 0.01 --iters 3000 --es 500 --l2 10 --border-count 254 --loss Logloss --eval-metric Logloss --refit-mult 1.5 --val-season 2024 --p1 --extra-feats data/processed/expected_mix.csv --depth 5 --failmode-cells --fm-modes middle,ball,reverse --fm-min-share 0.005 --seeds 3,4,5,6,8,13 --tag DMIX6_cell
2026-08-13 14:05	DESKTOP-053T952	DMIX6_cell_s6	cat	2024		6	2999	912.82	nan	--model cat --feat-v2 --feat-k 200 --te p,pc,ph,b,pi --te-k 50 --te-dev --feat-std --std-k 80 --std-to-prior --std-season-prior --feat-domain --feat-skill-pc --lr 0.01 --iters 3000 --es 500 --l2 10 --border-count 254 --loss Logloss --eval-metric Logloss --refit-mult 1.5 --val-season 2024 --p1 --extra-feats data/processed/expected_mix.csv --depth 5 --failmode-cells --fm-modes middle,ball,reverse --fm-min-share 0.005 --seeds 3,4,5,6,8,13 --tag DMIX6_cell
2026-08-13 14:10	DESKTOP-053T952	DMIX6_cell_s8	cat	2024		8	2994	915.97	nan	--model cat --feat-v2 --feat-k 200 --te p,pc,ph,b,pi --te-k 50 --te-dev --feat-std --std-k 80 --std-to-prior --std-season-prior --feat-domain --feat-skill-pc --lr 0.01 --iters 3000 --es 500 --l2 10 --border-count 254 --loss Logloss --eval-metric Logloss --refit-mult 1.5 --val-season 2024 --p1 --extra-feats data/processed/expected_mix.csv --depth 5 --failmode-cells --fm-modes middle,ball,reverse --fm-min-share 0.005 --seeds 3,4,5,6,8,13 --tag DMIX6_cell
2026-08-13 14:15	DESKTOP-053T952	DMIX6_cell_s13	cat	2024		13	2968	919.36	nan	--model cat --feat-v2 --feat-k 200 --te p,pc,ph,b,pi --te-k 50 --te-dev --feat-std --std-k 80 --std-to-prior --std-season-prior --feat-domain --feat-skill-pc --lr 0.01 --iters 3000 --es 500 --l2 10 --border-count 254 --loss Logloss --eval-metric Logloss --refit-mult 1.5 --val-season 2024 --p1 --extra-feats data/processed/expected_mix.csv --depth 5 --failmode-cells --fm-modes middle,ball,reverse --fm-min-share 0.005 --seeds 3,4,5,6,8,13 --tag DMIX6_cell
2026-08-13 14:33	DESKTOP-053T952	SNC_base_s3	cat	2024		3	1149	914.39	nan	--model cat --feat-v2 --feat-k 200 --te p,pc,ph,b,pi --te-k 50 --te-dev --feat-std --std-k 80 --std-to-prior --std-season-prior --feat-domain --feat-skill-pc --lr 0.01 --iters 3000 --es 500 --l2 10 --border-count 254 --loss Logloss --eval-metric Logloss --refit-mult 1.5 --val-season 2024 --p1 --skill-neutral-mode const --depth 8 --seeds 3,4,5,6,8,13 --tag SNC_base
2026-08-13 14:36	DESKTOP-053T952	SNC_base_s4	cat	2024		4	1031	910.95	nan	--model cat --feat-v2 --feat-k 200 --te p,pc,ph,b,pi --te-k 50 --te-dev --feat-std --std-k 80 --std-to-prior --std-season-prior --feat-domain --feat-skill-pc --lr 0.01 --iters 3000 --es 500 --l2 10 --border-count 254 --loss Logloss --eval-metric Logloss --refit-mult 1.5 --val-season 2024 --p1 --skill-neutral-mode const --depth 8 --seeds 3,4,5,6,8,13 --tag SNC_base
2026-08-13 14:40	DESKTOP-053T952	SNC_base_s5	cat	2024		5	1747	913.46	nan	--model cat --feat-v2 --feat-k 200 --te p,pc,ph,b,pi --te-k 50 --te-dev --feat-std --std-k 80 --std-to-prior --std-season-prior --feat-domain --feat-skill-pc --lr 0.01 --iters 3000 --es 500 --l2 10 --border-count 254 --loss Logloss --eval-metric Logloss --refit-mult 1.5 --val-season 2024 --p1 --skill-neutral-mode const --depth 8 --seeds 3,4,5,6,8,13 --tag SNC_base
2026-08-13 14:43	DESKTOP-053T952	SNC_base_s6	cat	2024		6	1338	918.81	nan	--model cat --feat-v2 --feat-k 200 --te p,pc,ph,b,pi --te-k 50 --te-dev --feat-std --std-k 80 --std-to-prior --std-season-prior --feat-domain --feat-skill-pc --lr 0.01 --iters 3000 --es 500 --l2 10 --border-count 254 --loss Logloss --eval-metric Logloss --refit-mult 1.5 --val-season 2024 --p1 --skill-neutral-mode const --depth 8 --seeds 3,4,5,6,8,13 --tag SNC_base
2026-08-13 14:45	DESKTOP-053T952	SNC_base_s8	cat	2024		8	980	908.70	nan	--model cat --feat-v2 --feat-k 200 --te p,pc,ph,b,pi --te-k 50 --te-dev --feat-std --std-k 80 --std-to-prior --std-season-prior --feat-domain --feat-skill-pc --lr 0.01 --iters 3000 --es 500 --l2 10 --border-count 254 --loss Logloss --eval-metric Logloss --refit-mult 1.5 --val-season 2024 --p1 --skill-neutral-mode const --depth 8 --seeds 3,4,5,6,8,13 --tag SNC_base
2026-08-13 14:49	DESKTOP-053T952	SNC_base_s13	cat	2024		13	1439	919.75	nan	--model cat --feat-v2 --feat-k 200 --te p,pc,ph,b,pi --te-k 50 --te-dev --feat-std --std-k 80 --std-to-prior --std-season-prior --feat-domain --feat-skill-pc --lr 0.01 --iters 3000 --es 500 --l2 10 --border-count 254 --loss Logloss --eval-metric Logloss --refit-mult 1.5 --val-season 2024 --p1 --skill-neutral-mode const --depth 8 --seeds 3,4,5,6,8,13 --tag SNC_base
2026-08-13 14:55	DESKTOP-053T952	SNC_cell_s3	cat	2024		3	2989	919.55	nan	--model cat --feat-v2 --feat-k 200 --te p,pc,ph,b,pi --te-k 50 --te-dev --feat-std --std-k 80 --std-to-prior --std-season-prior --feat-domain --feat-skill-pc --lr 0.01 --iters 3000 --es 500 --l2 10 --border-count 254 --loss Logloss --eval-metric Logloss --refit-mult 1.5 --val-season 2024 --p1 --skill-neutral-mode const --depth 5 --failmode-cells --fm-modes middle,ball,reverse --fm-min-share 0.005 --seeds 3,4,5,6,8,13 --tag SNC_cell
2026-08-13 15:00	DESKTOP-053T952	SNC_cell_s4	cat	2024		4	2996	909.83	nan	--model cat --feat-v2 --feat-k 200 --te p,pc,ph,b,pi --te-k 50 --te-dev --feat-std --std-k 80 --std-to-prior --std-season-prior --feat-domain --feat-skill-pc --lr 0.01 --iters 3000 --es 500 --l2 10 --border-count 254 --loss Logloss --eval-metric Logloss --refit-mult 1.5 --val-season 2024 --p1 --skill-neutral-mode const --depth 5 --failmode-cells --fm-modes middle,ball,reverse --fm-min-share 0.005 --seeds 3,4,5,6,8,13 --tag SNC_cell
2026-08-13 15:05	DESKTOP-053T952	SNC_cell_s5	cat	2024		5	2999	910.11	nan	--model cat --feat-v2 --feat-k 200 --te p,pc,ph,b,pi --te-k 50 --te-dev --feat-std --std-k 80 --std-to-prior --std-season-prior --feat-domain --feat-skill-pc --lr 0.01 --iters 3000 --es 500 --l2 10 --border-count 254 --loss Logloss --eval-metric Logloss --refit-mult 1.5 --val-season 2024 --p1 --skill-neutral-mode const --depth 5 --failmode-cells --fm-modes middle,ball,reverse --fm-min-share 0.005 --seeds 3,4,5,6,8,13 --tag SNC_cell
2026-08-13 15:10	DESKTOP-053T952	SNC_cell_s6	cat	2024		6	2980	911.06	nan	--model cat --feat-v2 --feat-k 200 --te p,pc,ph,b,pi --te-k 50 --te-dev --feat-std --std-k 80 --std-to-prior --std-season-prior --feat-domain --feat-skill-pc --lr 0.01 --iters 3000 --es 500 --l2 10 --border-count 254 --loss Logloss --eval-metric Logloss --refit-mult 1.5 --val-season 2024 --p1 --skill-neutral-mode const --depth 5 --failmode-cells --fm-modes middle,ball,reverse --fm-min-share 0.005 --seeds 3,4,5,6,8,13 --tag SNC_cell
2026-08-13 15:15	DESKTOP-053T952	SNC_cell_s8	cat	2024		8	2992	916.23	nan	--model cat --feat-v2 --feat-k 200 --te p,pc,ph,b,pi --te-k 50 --te-dev --feat-std --std-k 80 --std-to-prior --std-season-prior --feat-domain --feat-skill-pc --lr 0.01 --iters 3000 --es 500 --l2 10 --border-count 254 --loss Logloss --eval-metric Logloss --refit-mult 1.5 --val-season 2024 --p1 --skill-neutral-mode const --depth 5 --failmode-cells --fm-modes middle,ball,reverse --fm-min-share 0.005 --seeds 3,4,5,6,8,13 --tag SNC_cell
2026-08-13 15:21	DESKTOP-053T952	SNC_cell_s13	cat	2024		13	2987	919.80	nan	--model cat --feat-v2 --feat-k 200 --te p,pc,ph,b,pi --te-k 50 --te-dev --feat-std --std-k 80 --std-to-prior --std-season-prior --feat-domain --feat-skill-pc --lr 0.01 --iters 3000 --es 500 --l2 10 --border-count 254 --loss Logloss --eval-metric Logloss --refit-mult 1.5 --val-season 2024 --p1 --skill-neutral-mode const --depth 5 --failmode-cells --fm-modes middle,ball,reverse --fm-min-share 0.005 --seeds 3,4,5,6,8,13 --tag SNC_cell
2026-08-13 15:35	DESKTOP-053T952	B1S_base_s42	cat	2024		42	1309	916.72	nan	--model cat --feat-v2 --feat-k 200 --te p,pc,ph,b,pi --te-k 50 --te-dev --feat-std --std-k 80 --std-to-prior --std-season-prior --feat-domain --feat-skill-pc --lr 0.01 --iters 3000 --es 500 --l2 10 --border-count 254 --loss Logloss --eval-metric Logloss --refit-mult 1.5 --val-season 2024 --p1 --depth 8 --seeds 42,7 --tag B1S_base
2026-08-13 15:39	DESKTOP-053T952	B1S_base_s7	cat	2024		7	1694	918.13	nan	--model cat --feat-v2 --feat-k 200 --te p,pc,ph,b,pi --te-k 50 --te-dev --feat-std --std-k 80 --std-to-prior --std-season-prior --feat-domain --feat-skill-pc --lr 0.01 --iters 3000 --es 500 --l2 10 --border-count 254 --loss Logloss --eval-metric Logloss --refit-mult 1.5 --val-season 2024 --p1 --depth 8 --seeds 42,7 --tag B1S_base
2026-08-13 15:45	DESKTOP-053T952	B1S_cell_s42	cat	2024		42	2996	913.87	nan	--model cat --feat-v2 --feat-k 200 --te p,pc,ph,b,pi --te-k 50 --te-dev --feat-std --std-k 80 --std-to-prior --std-season-prior --feat-domain --feat-skill-pc --lr 0.01 --iters 3000 --es 500 --l2 10 --border-count 254 --loss Logloss --eval-metric Logloss --refit-mult 1.5 --val-season 2024 --p1 --depth 5 --failmode-cells --fm-modes middle,ball,reverse --fm-min-share 0.005 --seeds 42,7 --tag B1S_cell
2026-08-13 15:50	DESKTOP-053T952	B1S_cell_s7	cat	2024		7	2992	914.06	nan	--model cat --feat-v2 --feat-k 200 --te p,pc,ph,b,pi --te-k 50 --te-dev --feat-std --std-k 80 --std-to-prior --std-season-prior --feat-domain --feat-skill-pc --lr 0.01 --iters 3000 --es 500 --l2 10 --border-count 254 --loss Logloss --eval-metric Logloss --refit-mult 1.5 --val-season 2024 --p1 --depth 5 --failmode-cells --fm-modes middle,ball,reverse --fm-min-share 0.005 --seeds 42,7 --tag B1S_cell
2026-08-13 15:54	DESKTOP-053T952	H1_base_s3	cat	2024		3	1089	918.36	nan	--model cat --feat-v2 --feat-k 200 --te p,pc,ph,b,pi --te-k 50 --te-dev --feat-std --std-k 80 --std-to-prior --std-season-prior --feat-domain --feat-skill-pc --lr 0.01 --iters 3000 --es 500 --l2 10 --border-count 254 --loss Logloss --eval-metric Logloss --refit-mult 1.5 --val-season 2024 --p1 --feat-h1 --depth 8 --seeds 3,4,5,6,8,13 --tag H1_base
2026-08-13 15:58	DESKTOP-053T952	H1_base_s4	cat	2024		4	1218	908.41	nan	--model cat --feat-v2 --feat-k 200 --te p,pc,ph,b,pi --te-k 50 --te-dev --feat-std --std-k 80 --std-to-prior --std-season-prior --feat-domain --feat-skill-pc --lr 0.01 --iters 3000 --es 500 --l2 10 --border-count 254 --loss Logloss --eval-metric Logloss --refit-mult 1.5 --val-season 2024 --p1 --feat-h1 --depth 8 --seeds 3,4,5,6,8,13 --tag H1_base
2026-08-13 16:00	DESKTOP-053T952	H1_base_s5	cat	2024		5	934	911.89	nan	--model cat --feat-v2 --feat-k 200 --te p,pc,ph,b,pi --te-k 50 --te-dev --feat-std --std-k 80 --std-to-prior --std-season-prior --feat-domain --feat-skill-pc --lr 0.01 --iters 3000 --es 500 --l2 10 --border-count 254 --loss Logloss --eval-metric Logloss --refit-mult 1.5 --val-season 2024 --p1 --feat-h1 --depth 8 --seeds 3,4,5,6,8,13 --tag H1_base
2026-08-13 16:03	DESKTOP-053T952	H1_base_s6	cat	2024		6	1092	924.50	nan	--model cat --feat-v2 --feat-k 200 --te p,pc,ph,b,pi --te-k 50 --te-dev --feat-std --std-k 80 --std-to-prior --std-season-prior --feat-domain --feat-skill-pc --lr 0.01 --iters 3000 --es 500 --l2 10 --border-count 254 --loss Logloss --eval-metric Logloss --refit-mult 1.5 --val-season 2024 --p1 --feat-h1 --depth 8 --seeds 3,4,5,6,8,13 --tag H1_base
2026-08-13 16:06	DESKTOP-053T952	H1_base_s8	cat	2024		8	1502	922.57	nan	--model cat --feat-v2 --feat-k 200 --te p,pc,ph,b,pi --te-k 50 --te-dev --feat-std --std-k 80 --std-to-prior --std-season-prior --feat-domain --feat-skill-pc --lr 0.01 --iters 3000 --es 500 --l2 10 --border-count 254 --loss Logloss --eval-metric Logloss --refit-mult 1.5 --val-season 2024 --p1 --feat-h1 --depth 8 --seeds 3,4,5,6,8,13 --tag H1_base
2026-08-13 16:09	DESKTOP-053T952	H1_base_s13	cat	2024		13	1314	919.51	nan	--model cat --feat-v2 --feat-k 200 --te p,pc,ph,b,pi --te-k 50 --te-dev --feat-std --std-k 80 --std-to-prior --std-season-prior --feat-domain --feat-skill-pc --lr 0.01 --iters 3000 --es 500 --l2 10 --border-count 254 --loss Logloss --eval-metric Logloss --refit-mult 1.5 --val-season 2024 --p1 --feat-h1 --depth 8 --seeds 3,4,5,6,8,13 --tag H1_base
2026-08-13 16:15	DESKTOP-053T952	H1_cell_s3	cat	2024		3	2996	917.95	nan	--model cat --feat-v2 --feat-k 200 --te p,pc,ph,b,pi --te-k 50 --te-dev --feat-std --std-k 80 --std-to-prior --std-season-prior --feat-domain --feat-skill-pc --lr 0.01 --iters 3000 --es 500 --l2 10 --border-count 254 --loss Logloss --eval-metric Logloss --refit-mult 1.5 --val-season 2024 --p1 --feat-h1 --depth 5 --failmode-cells --fm-modes middle,ball,reverse --fm-min-share 0.005 --seeds 3,4,5,6,8,13 --tag H1_cell
2026-08-13 16:20	DESKTOP-053T952	H1_cell_s4	cat	2024		4	2999	906.81	nan	--model cat --feat-v2 --feat-k 200 --te p,pc,ph,b,pi --te-k 50 --te-dev --feat-std --std-k 80 --std-to-prior --std-season-prior --feat-domain --feat-skill-pc --lr 0.01 --iters 3000 --es 500 --l2 10 --border-count 254 --loss Logloss --eval-metric Logloss --refit-mult 1.5 --val-season 2024 --p1 --feat-h1 --depth 5 --failmode-cells --fm-modes middle,ball,reverse --fm-min-share 0.005 --seeds 3,4,5,6,8,13 --tag H1_cell
2026-08-13 16:25	DESKTOP-053T952	H1_cell_s5	cat	2024		5	2994	912.44	nan	--model cat --feat-v2 --feat-k 200 --te p,pc,ph,b,pi --te-k 50 --te-dev --feat-std --std-k 80 --std-to-prior --std-season-prior --feat-domain --feat-skill-pc --lr 0.01 --iters 3000 --es 500 --l2 10 --border-count 254 --loss Logloss --eval-metric Logloss --refit-mult 1.5 --val-season 2024 --p1 --feat-h1 --depth 5 --failmode-cells --fm-modes middle,ball,reverse --fm-min-share 0.005 --seeds 3,4,5,6,8,13 --tag H1_cell
2026-08-13 16:31	DESKTOP-053T952	H1_cell_s6	cat	2024		6	2990	912.21	nan	--model cat --feat-v2 --feat-k 200 --te p,pc,ph,b,pi --te-k 50 --te-dev --feat-std --std-k 80 --std-to-prior --std-season-prior --feat-domain --feat-skill-pc --lr 0.01 --iters 3000 --es 500 --l2 10 --border-count 254 --loss Logloss --eval-metric Logloss --refit-mult 1.5 --val-season 2024 --p1 --feat-h1 --depth 5 --failmode-cells --fm-modes middle,ball,reverse --fm-min-share 0.005 --seeds 3,4,5,6,8,13 --tag H1_cell
2026-08-13 16:36	DESKTOP-053T952	H1_cell_s8	cat	2024		8	2985	912.61	nan	--model cat --feat-v2 --feat-k 200 --te p,pc,ph,b,pi --te-k 50 --te-dev --feat-std --std-k 80 --std-to-prior --std-season-prior --feat-domain --feat-skill-pc --lr 0.01 --iters 3000 --es 500 --l2 10 --border-count 254 --loss Logloss --eval-metric Logloss --refit-mult 1.5 --val-season 2024 --p1 --feat-h1 --depth 5 --failmode-cells --fm-modes middle,ball,reverse --fm-min-share 0.005 --seeds 3,4,5,6,8,13 --tag H1_cell
2026-08-13 16:41	DESKTOP-053T952	H1_cell_s13	cat	2024		13	2999	915.44	nan	--model cat --feat-v2 --feat-k 200 --te p,pc,ph,b,pi --te-k 50 --te-dev --feat-std --std-k 80 --std-to-prior --std-season-prior --feat-domain --feat-skill-pc --lr 0.01 --iters 3000 --es 500 --l2 10 --border-count 254 --loss Logloss --eval-metric Logloss --refit-mult 1.5 --val-season 2024 --p1 --feat-h1 --depth 5 --failmode-cells --fm-modes middle,ball,reverse --fm-min-share 0.005 --seeds 3,4,5,6,8,13 --tag H1_cell
2026-08-13 16:45	DESKTOP-053T952	H1_base_s42	cat	2024		42	1159	912.46	nan	--model cat --feat-v2 --feat-k 200 --te p,pc,ph,b,pi --te-k 50 --te-dev --feat-std --std-k 80 --std-to-prior --std-season-prior --feat-domain --feat-skill-pc --lr 0.01 --iters 3000 --es 500 --l2 10 --border-count 254 --loss Logloss --eval-metric Logloss --refit-mult 1.5 --val-season 2024 --p1 --feat-h1 --depth 8 --seeds 42,7 --tag H1_base
2026-08-13 16:49	DESKTOP-053T952	H1_base_s7	cat	2024		7	1356	919.13	nan	--model cat --feat-v2 --feat-k 200 --te p,pc,ph,b,pi --te-k 50 --te-dev --feat-std --std-k 80 --std-to-prior --std-season-prior --feat-domain --feat-skill-pc --lr 0.01 --iters 3000 --es 500 --l2 10 --border-count 254 --loss Logloss --eval-metric Logloss --refit-mult 1.5 --val-season 2024 --p1 --feat-h1 --depth 8 --seeds 42,7 --tag H1_base
2026-08-13 16:54	DESKTOP-053T952	H1_cell_s42	cat	2024		42	2996	908.92	nan	--model cat --feat-v2 --feat-k 200 --te p,pc,ph,b,pi --te-k 50 --te-dev --feat-std --std-k 80 --std-to-prior --std-season-prior --feat-domain --feat-skill-pc --lr 0.01 --iters 3000 --es 500 --l2 10 --border-count 254 --loss Logloss --eval-metric Logloss --refit-mult 1.5 --val-season 2024 --p1 --feat-h1 --depth 5 --failmode-cells --fm-modes middle,ball,reverse --fm-min-share 0.005 --seeds 42,7 --tag H1_cell
2026-08-13 16:59	DESKTOP-053T952	H1_cell_s7	cat	2024		7	2998	918.09	nan	--model cat --feat-v2 --feat-k 200 --te p,pc,ph,b,pi --te-k 50 --te-dev --feat-std --std-k 80 --std-to-prior --std-season-prior --feat-domain --feat-skill-pc --lr 0.01 --iters 3000 --es 500 --l2 10 --border-count 254 --loss Logloss --eval-metric Logloss --refit-mult 1.5 --val-season 2024 --p1 --feat-h1 --depth 5 --failmode-cells --fm-modes middle,ball,reverse --fm-min-share 0.005 --seeds 42,7 --tag H1_cell
2026-08-13 17:08	DESKTOP-053T952	B0S_base_s3	cat	2024		3	1165	914.87	nan	--model cat --feat-v2 --feat-k 200 --te p,pc,ph,b,pi --te-k 50 --te-dev --feat-std --std-k 80 --std-to-prior --std-season-prior --feat-domain --feat-skill-pc --lr 0.01 --iters 3000 --es 500 --l2 10 --border-count 254 --loss Logloss --eval-metric Logloss --refit-mult 1.5 --val-season 2024 --depth 8 --seeds 3,4,5,6,8,13 --tag B0S_base
2026-08-13 17:11	DESKTOP-053T952	B0S_base_s4	cat	2024		4	1153	908.12	nan	--model cat --feat-v2 --feat-k 200 --te p,pc,ph,b,pi --te-k 50 --te-dev --feat-std --std-k 80 --std-to-prior --std-season-prior --feat-domain --feat-skill-pc --lr 0.01 --iters 3000 --es 500 --l2 10 --border-count 254 --loss Logloss --eval-metric Logloss --refit-mult 1.5 --val-season 2024 --depth 8 --seeds 3,4,5,6,8,13 --tag B0S_base
2026-08-13 17:14	DESKTOP-053T952	B0S_base_s5	cat	2024		5	1105	913.99	nan	--model cat --feat-v2 --feat-k 200 --te p,pc,ph,b,pi --te-k 50 --te-dev --feat-std --std-k 80 --std-to-prior --std-season-prior --feat-domain --feat-skill-pc --lr 0.01 --iters 3000 --es 500 --l2 10 --border-count 254 --loss Logloss --eval-metric Logloss --refit-mult 1.5 --val-season 2024 --depth 8 --seeds 3,4,5,6,8,13 --tag B0S_base
2026-08-13 17:17	DESKTOP-053T952	B0S_base_s6	cat	2024		6	1372	915.61	nan	--model cat --feat-v2 --feat-k 200 --te p,pc,ph,b,pi --te-k 50 --te-dev --feat-std --std-k 80 --std-to-prior --std-season-prior --feat-domain --feat-skill-pc --lr 0.01 --iters 3000 --es 500 --l2 10 --border-count 254 --loss Logloss --eval-metric Logloss --refit-mult 1.5 --val-season 2024 --depth 8 --seeds 3,4,5,6,8,13 --tag B0S_base
2026-08-13 17:19	DESKTOP-053T952	B0S_base_s8	cat	2024		8	948	916.61	nan	--model cat --feat-v2 --feat-k 200 --te p,pc,ph,b,pi --te-k 50 --te-dev --feat-std --std-k 80 --std-to-prior --std-season-prior --feat-domain --feat-skill-pc --lr 0.01 --iters 3000 --es 500 --l2 10 --border-count 254 --loss Logloss --eval-metric Logloss --refit-mult 1.5 --val-season 2024 --depth 8 --seeds 3,4,5,6,8,13 --tag B0S_base
2026-08-13 17:22	DESKTOP-053T952	B0S_base_s13	cat	2024		13	1396	923.39	nan	--model cat --feat-v2 --feat-k 200 --te p,pc,ph,b,pi --te-k 50 --te-dev --feat-std --std-k 80 --std-to-prior --std-season-prior --feat-domain --feat-skill-pc --lr 0.01 --iters 3000 --es 500 --l2 10 --border-count 254 --loss Logloss --eval-metric Logloss --refit-mult 1.5 --val-season 2024 --depth 8 --seeds 3,4,5,6,8,13 --tag B0S_base
2026-08-13 17:28	DESKTOP-053T952	B0S_cell_s3	cat	2024		3	2998	916.68	nan	--model cat --feat-v2 --feat-k 200 --te p,pc,ph,b,pi --te-k 50 --te-dev --feat-std --std-k 80 --std-to-prior --std-season-prior --feat-domain --feat-skill-pc --lr 0.01 --iters 3000 --es 500 --l2 10 --border-count 254 --loss Logloss --eval-metric Logloss --refit-mult 1.5 --val-season 2024 --depth 5 --failmode-cells --fm-modes middle,ball,reverse --fm-min-share 0.005 --seeds 3,4,5,6,8,13 --tag B0S_cell
2026-08-13 17:33	DESKTOP-053T952	B0S_cell_s4	cat	2024		4	2998	912.15	nan	--model cat --feat-v2 --feat-k 200 --te p,pc,ph,b,pi --te-k 50 --te-dev --feat-std --std-k 80 --std-to-prior --std-season-prior --feat-domain --feat-skill-pc --lr 0.01 --iters 3000 --es 500 --l2 10 --border-count 254 --loss Logloss --eval-metric Logloss --refit-mult 1.5 --val-season 2024 --depth 5 --failmode-cells --fm-modes middle,ball,reverse --fm-min-share 0.005 --seeds 3,4,5,6,8,13 --tag B0S_cell
2026-08-13 17:38	DESKTOP-053T952	B0S_cell_s5	cat	2024		5	2997	911.29	nan	--model cat --feat-v2 --feat-k 200 --te p,pc,ph,b,pi --te-k 50 --te-dev --feat-std --std-k 80 --std-to-prior --std-season-prior --feat-domain --feat-skill-pc --lr 0.01 --iters 3000 --es 500 --l2 10 --border-count 254 --loss Logloss --eval-metric Logloss --refit-mult 1.5 --val-season 2024 --depth 5 --failmode-cells --fm-modes middle,ball,reverse --fm-min-share 0.005 --seeds 3,4,5,6,8,13 --tag B0S_cell
2026-08-13 17:43	DESKTOP-053T952	B0S_cell_s6	cat	2024		6	2998	909.91	nan	--model cat --feat-v2 --feat-k 200 --te p,pc,ph,b,pi --te-k 50 --te-dev --feat-std --std-k 80 --std-to-prior --std-season-prior --feat-domain --feat-skill-pc --lr 0.01 --iters 3000 --es 500 --l2 10 --border-count 254 --loss Logloss --eval-metric Logloss --refit-mult 1.5 --val-season 2024 --depth 5 --failmode-cells --fm-modes middle,ball,reverse --fm-min-share 0.005 --seeds 3,4,5,6,8,13 --tag B0S_cell
2026-08-13 17:48	DESKTOP-053T952	B0S_cell_s8	cat	2024		8	2993	916.59	nan	--model cat --feat-v2 --feat-k 200 --te p,pc,ph,b,pi --te-k 50 --te-dev --feat-std --std-k 80 --std-to-prior --std-season-prior --feat-domain --feat-skill-pc --lr 0.01 --iters 3000 --es 500 --l2 10 --border-count 254 --loss Logloss --eval-metric Logloss --refit-mult 1.5 --val-season 2024 --depth 5 --failmode-cells --fm-modes middle,ball,reverse --fm-min-share 0.005 --seeds 3,4,5,6,8,13 --tag B0S_cell
2026-08-13 17:53	DESKTOP-053T952	B0S_cell_s13	cat	2024		13	2983	919.05	nan	--model cat --feat-v2 --feat-k 200 --te p,pc,ph,b,pi --te-k 50 --te-dev --feat-std --std-k 80 --std-to-prior --std-season-prior --feat-domain --feat-skill-pc --lr 0.01 --iters 3000 --es 500 --l2 10 --border-count 254 --loss Logloss --eval-metric Logloss --refit-mult 1.5 --val-season 2024 --depth 5 --failmode-cells --fm-modes middle,ball,reverse --fm-min-share 0.005 --seeds 3,4,5,6,8,13 --tag B0S_cell
2026-08-13 19:45	DESKTOP-053T952	LEGLBL_base_s3	cat	2024		3	1140	908.98	nan	--model cat --feat-v2 --feat-k 200 --te p,pc,ph,b,pi --te-k 50 --te-dev --feat-std --std-k 80 --std-to-prior --std-season-prior --feat-domain --feat-skill-pc --lr 0.01 --iters 3000 --es 500 --l2 10 --border-count 254 --loss Logloss --eval-metric Logloss --refit-mult 1.5 --val-season 2024 --p1 --fm-legacy-shift --depth 8 --seeds 3,4,5,6,8,13 --tag LEGLBL_base
2026-08-13 19:49	DESKTOP-053T952	LEGLBL_base_s4	cat	2024		4	1317	913.24	nan	--model cat --feat-v2 --feat-k 200 --te p,pc,ph,b,pi --te-k 50 --te-dev --feat-std --std-k 80 --std-to-prior --std-season-prior --feat-domain --feat-skill-pc --lr 0.01 --iters 3000 --es 500 --l2 10 --border-count 254 --loss Logloss --eval-metric Logloss --refit-mult 1.5 --val-season 2024 --p1 --fm-legacy-shift --depth 8 --seeds 3,4,5,6,8,13 --tag LEGLBL_base
2026-08-13 19:54	DESKTOP-053T952	LEGLBL_base_s5	cat	2024		5	1708	917.25	nan	--model cat --feat-v2 --feat-k 200 --te p,pc,ph,b,pi --te-k 50 --te-dev --feat-std --std-k 80 --std-to-prior --std-season-prior --feat-domain --feat-skill-pc --lr 0.01 --iters 3000 --es 500 --l2 10 --border-count 254 --loss Logloss --eval-metric Logloss --refit-mult 1.5 --val-season 2024 --p1 --fm-legacy-shift --depth 8 --seeds 3,4,5,6,8,13 --tag LEGLBL_base
2026-08-13 19:58	DESKTOP-053T952	LEGLBL_base_s6	cat	2024		6	1427	913.01	nan	--model cat --feat-v2 --feat-k 200 --te p,pc,ph,b,pi --te-k 50 --te-dev --feat-std --std-k 80 --std-to-prior --std-season-prior --feat-domain --feat-skill-pc --lr 0.01 --iters 3000 --es 500 --l2 10 --border-count 254 --loss Logloss --eval-metric Logloss --refit-mult 1.5 --val-season 2024 --p1 --fm-legacy-shift --depth 8 --seeds 3,4,5,6,8,13 --tag LEGLBL_base
2026-08-13 20:00	DESKTOP-053T952	LEGLBL_base_s8	cat	2024		8	937	916.14	nan	--model cat --feat-v2 --feat-k 200 --te p,pc,ph,b,pi --te-k 50 --te-dev --feat-std --std-k 80 --std-to-prior --std-season-prior --feat-domain --feat-skill-pc --lr 0.01 --iters 3000 --es 500 --l2 10 --border-count 254 --loss Logloss --eval-metric Logloss --refit-mult 1.5 --val-season 2024 --p1 --fm-legacy-shift --depth 8 --seeds 3,4,5,6,8,13 --tag LEGLBL_base
2026-08-13 20:04	DESKTOP-053T952	LEGLBL_base_s13	cat	2024		13	1298	916.76	nan	--model cat --feat-v2 --feat-k 200 --te p,pc,ph,b,pi --te-k 50 --te-dev --feat-std --std-k 80 --std-to-prior --std-season-prior --feat-domain --feat-skill-pc --lr 0.01 --iters 3000 --es 500 --l2 10 --border-count 254 --loss Logloss --eval-metric Logloss --refit-mult 1.5 --val-season 2024 --p1 --fm-legacy-shift --depth 8 --seeds 3,4,5,6,8,13 --tag LEGLBL_base
2026-08-13 20:12	DESKTOP-053T952	LEGLBL_cell_s3	cat	2024		3	2990	920.34	nan	--model cat --feat-v2 --feat-k 200 --te p,pc,ph,b,pi --te-k 50 --te-dev --feat-std --std-k 80 --std-to-prior --std-season-prior --feat-domain --feat-skill-pc --lr 0.01 --iters 3000 --es 500 --l2 10 --border-count 254 --loss Logloss --eval-metric Logloss --refit-mult 1.5 --val-season 2024 --p1 --fm-legacy-shift --depth 5 --failmode-cells --fm-modes middle,ball,reverse --fm-min-share 0.005 --seeds 3,4,5,6,8,13 --tag LEGLBL_cell
2026-08-13 20:20	DESKTOP-053T952	LEGLBL_cell_s4	cat	2024		4	2995	920.96	nan	--model cat --feat-v2 --feat-k 200 --te p,pc,ph,b,pi --te-k 50 --te-dev --feat-std --std-k 80 --std-to-prior --std-season-prior --feat-domain --feat-skill-pc --lr 0.01 --iters 3000 --es 500 --l2 10 --border-count 254 --loss Logloss --eval-metric Logloss --refit-mult 1.5 --val-season 2024 --p1 --fm-legacy-shift --depth 5 --failmode-cells --fm-modes middle,ball,reverse --fm-min-share 0.005 --seeds 3,4,5,6,8,13 --tag LEGLBL_cell
2026-08-13 20:27	DESKTOP-053T952	LEGLBL_cell_s5	cat	2024		5	2997	912.03	nan	--model cat --feat-v2 --feat-k 200 --te p,pc,ph,b,pi --te-k 50 --te-dev --feat-std --std-k 80 --std-to-prior --std-season-prior --feat-domain --feat-skill-pc --lr 0.01 --iters 3000 --es 500 --l2 10 --border-count 254 --loss Logloss --eval-metric Logloss --refit-mult 1.5 --val-season 2024 --p1 --fm-legacy-shift --depth 5 --failmode-cells --fm-modes middle,ball,reverse --fm-min-share 0.005 --seeds 3,4,5,6,8,13 --tag LEGLBL_cell
2026-08-13 20:33	DESKTOP-053T952	LEGLBL_cell_s6	cat	2024		6	2998	924.67	nan	--model cat --feat-v2 --feat-k 200 --te p,pc,ph,b,pi --te-k 50 --te-dev --feat-std --std-k 80 --std-to-prior --std-season-prior --feat-domain --feat-skill-pc --lr 0.01 --iters 3000 --es 500 --l2 10 --border-count 254 --loss Logloss --eval-metric Logloss --refit-mult 1.5 --val-season 2024 --p1 --fm-legacy-shift --depth 5 --failmode-cells --fm-modes middle,ball,reverse --fm-min-share 0.005 --seeds 3,4,5,6,8,13 --tag LEGLBL_cell
2026-08-13 20:40	DESKTOP-053T952	LEGLBL_cell_s8	cat	2024		8	2997	916.45	nan	--model cat --feat-v2 --feat-k 200 --te p,pc,ph,b,pi --te-k 50 --te-dev --feat-std --std-k 80 --std-to-prior --std-season-prior --feat-domain --feat-skill-pc --lr 0.01 --iters 3000 --es 500 --l2 10 --border-count 254 --loss Logloss --eval-metric Logloss --refit-mult 1.5 --val-season 2024 --p1 --fm-legacy-shift --depth 5 --failmode-cells --fm-modes middle,ball,reverse --fm-min-share 0.005 --seeds 3,4,5,6,8,13 --tag LEGLBL_cell
2026-08-13 20:47	DESKTOP-053T952	LEGLBL_cell_s13	cat	2024		13	2992	921.41	nan	--model cat --feat-v2 --feat-k 200 --te p,pc,ph,b,pi --te-k 50 --te-dev --feat-std --std-k 80 --std-to-prior --std-season-prior --feat-domain --feat-skill-pc --lr 0.01 --iters 3000 --es 500 --l2 10 --border-count 254 --loss Logloss --eval-metric Logloss --refit-mult 1.5 --val-season 2024 --p1 --fm-legacy-shift --depth 5 --failmode-cells --fm-modes middle,ball,reverse --fm-min-share 0.005 --seeds 3,4,5,6,8,13 --tag LEGLBL_cell
2026-08-13 20:55	DESKTOP-053T952	TEB500_base_s3	cat	2024		3	1180	909.68	nan	--model cat --feat-v2 --feat-k 200 --te p,pc,ph,b,pi --te-k 50 --te-dev --feat-std --std-k 80 --std-to-prior --std-season-prior --feat-domain --feat-skill-pc --lr 0.01 --iters 3000 --es 500 --l2 10 --border-count 254 --loss Logloss --eval-metric Logloss --refit-mult 1.5 --val-season 2024 --p1 --te-k b:500,*:50 --depth 8 --seeds 3,4,5,6,8,13 --tag TEB500_base
2026-08-13 20:58	DESKTOP-053T952	TEB500_base_s4	cat	2024		4	1179	911.77	nan	--model cat --feat-v2 --feat-k 200 --te p,pc,ph,b,pi --te-k 50 --te-dev --feat-std --std-k 80 --std-to-prior --std-season-prior --feat-domain --feat-skill-pc --lr 0.01 --iters 3000 --es 500 --l2 10 --border-count 254 --loss Logloss --eval-metric Logloss --refit-mult 1.5 --val-season 2024 --p1 --te-k b:500,*:50 --depth 8 --seeds 3,4,5,6,8,13 --tag TEB500_base
2026-08-13 21:01	DESKTOP-053T952	TEB500_base_s5	cat	2024		5	1461	914.16	nan	--model cat --feat-v2 --feat-k 200 --te p,pc,ph,b,pi --te-k 50 --te-dev --feat-std --std-k 80 --std-to-prior --std-season-prior --feat-domain --feat-skill-pc --lr 0.01 --iters 3000 --es 500 --l2 10 --border-count 254 --loss Logloss --eval-metric Logloss --refit-mult 1.5 --val-season 2024 --p1 --te-k b:500,*:50 --depth 8 --seeds 3,4,5,6,8,13 --tag TEB500_base
2026-08-13 21:05	DESKTOP-053T952	TEB500_base_s6	cat	2024		6	1438	913.63	nan	--model cat --feat-v2 --feat-k 200 --te p,pc,ph,b,pi --te-k 50 --te-dev --feat-std --std-k 80 --std-to-prior --std-season-prior --feat-domain --feat-skill-pc --lr 0.01 --iters 3000 --es 500 --l2 10 --border-count 254 --loss Logloss --eval-metric Logloss --refit-mult 1.5 --val-season 2024 --p1 --te-k b:500,*:50 --depth 8 --seeds 3,4,5,6,8,13 --tag TEB500_base
2026-08-13 21:08	DESKTOP-053T952	TEB500_base_s8	cat	2024		8	1192	914.11	nan	--model cat --feat-v2 --feat-k 200 --te p,pc,ph,b,pi --te-k 50 --te-dev --feat-std --std-k 80 --std-to-prior --std-season-prior --feat-domain --feat-skill-pc --lr 0.01 --iters 3000 --es 500 --l2 10 --border-count 254 --loss Logloss --eval-metric Logloss --refit-mult 1.5 --val-season 2024 --p1 --te-k b:500,*:50 --depth 8 --seeds 3,4,5,6,8,13 --tag TEB500_base
2026-08-13 21:12	DESKTOP-053T952	TEB500_base_s13	cat	2024		13	1299	921.89	nan	--model cat --feat-v2 --feat-k 200 --te p,pc,ph,b,pi --te-k 50 --te-dev --feat-std --std-k 80 --std-to-prior --std-season-prior --feat-domain --feat-skill-pc --lr 0.01 --iters 3000 --es 500 --l2 10 --border-count 254 --loss Logloss --eval-metric Logloss --refit-mult 1.5 --val-season 2024 --p1 --te-k b:500,*:50 --depth 8 --seeds 3,4,5,6,8,13 --tag TEB500_base
2026-08-13 21:18	DESKTOP-053T952	TEB500_cell_s3	cat	2024		3	2996	919.32	nan	--model cat --feat-v2 --feat-k 200 --te p,pc,ph,b,pi --te-k 50 --te-dev --feat-std --std-k 80 --std-to-prior --std-season-prior --feat-domain --feat-skill-pc --lr 0.01 --iters 3000 --es 500 --l2 10 --border-count 254 --loss Logloss --eval-metric Logloss --refit-mult 1.5 --val-season 2024 --p1 --te-k b:500,*:50 --depth 5 --failmode-cells --fm-modes middle,ball,reverse --fm-min-share 0.005 --seeds 3,4,5,6,8,13 --tag TEB500_cell
2026-08-13 21:23	DESKTOP-053T952	TEB500_cell_s4	cat	2024		4	2989	912.01	nan	--model cat --feat-v2 --feat-k 200 --te p,pc,ph,b,pi --te-k 50 --te-dev --feat-std --std-k 80 --std-to-prior --std-season-prior --feat-domain --feat-skill-pc --lr 0.01 --iters 3000 --es 500 --l2 10 --border-count 254 --loss Logloss --eval-metric Logloss --refit-mult 1.5 --val-season 2024 --p1 --te-k b:500,*:50 --depth 5 --failmode-cells --fm-modes middle,ball,reverse --fm-min-share 0.005 --seeds 3,4,5,6,8,13 --tag TEB500_cell
2026-08-13 21:29	DESKTOP-053T952	TEB500_cell_s5	cat	2024		5	2998	912.80	nan	--model cat --feat-v2 --feat-k 200 --te p,pc,ph,b,pi --te-k 50 --te-dev --feat-std --std-k 80 --std-to-prior --std-season-prior --feat-domain --feat-skill-pc --lr 0.01 --iters 3000 --es 500 --l2 10 --border-count 254 --loss Logloss --eval-metric Logloss --refit-mult 1.5 --val-season 2024 --p1 --te-k b:500,*:50 --depth 5 --failmode-cells --fm-modes middle,ball,reverse --fm-min-share 0.005 --seeds 3,4,5,6,8,13 --tag TEB500_cell
2026-08-13 21:35	DESKTOP-053T952	TEB500_cell_s6	cat	2024		6	2997	915.18	nan	--model cat --feat-v2 --feat-k 200 --te p,pc,ph,b,pi --te-k 50 --te-dev --feat-std --std-k 80 --std-to-prior --std-season-prior --feat-domain --feat-skill-pc --lr 0.01 --iters 3000 --es 500 --l2 10 --border-count 254 --loss Logloss --eval-metric Logloss --refit-mult 1.5 --val-season 2024 --p1 --te-k b:500,*:50 --depth 5 --failmode-cells --fm-modes middle,ball,reverse --fm-min-share 0.005 --seeds 3,4,5,6,8,13 --tag TEB500_cell
2026-08-13 21:40	DESKTOP-053T952	TEB500_cell_s8	cat	2024		8	2994	913.94	nan	--model cat --feat-v2 --feat-k 200 --te p,pc,ph,b,pi --te-k 50 --te-dev --feat-std --std-k 80 --std-to-prior --std-season-prior --feat-domain --feat-skill-pc --lr 0.01 --iters 3000 --es 500 --l2 10 --border-count 254 --loss Logloss --eval-metric Logloss --refit-mult 1.5 --val-season 2024 --p1 --te-k b:500,*:50 --depth 5 --failmode-cells --fm-modes middle,ball,reverse --fm-min-share 0.005 --seeds 3,4,5,6,8,13 --tag TEB500_cell
2026-08-13 21:46	DESKTOP-053T952	TEB500_cell_s13	cat	2024		13	2987	913.97	nan	--model cat --feat-v2 --feat-k 200 --te p,pc,ph,b,pi --te-k 50 --te-dev --feat-std --std-k 80 --std-to-prior --std-season-prior --feat-domain --feat-skill-pc --lr 0.01 --iters 3000 --es 500 --l2 10 --border-count 254 --loss Logloss --eval-metric Logloss --refit-mult 1.5 --val-season 2024 --p1 --te-k b:500,*:50 --depth 5 --failmode-cells --fm-modes middle,ball,reverse --fm-min-share 0.005 --seeds 3,4,5,6,8,13 --tag TEB500_cell
2026-08-13 21:52	DESKTOP-053T952	TS2_base_s3	cat	2023	2024	3	428	522.51	597.50	--model cat --feat-v2 --feat-k 200 --te p,pc,ph,b,pi --te-k 50 --te-dev --feat-std --std-k 80 --std-to-prior --std-season-prior --feat-domain --feat-skill-pc --lr 0.01 --iters 3000 --es 500 --l2 10 --border-count 254 --loss Logloss --eval-metric Logloss --refit-mult 1.5 --drop-f-pre 2022 --max-train-season 2024 --val-season 2023 --test-season 2024 --p1 --row-filter strikes_before == 2 --depth 8 --seeds 3,4,5,6,8,13 --tag TS2_base
2026-08-13 21:53	DESKTOP-053T952	TS2_base_s4	cat	2023	2024	4	360	514.73	600.39	--model cat --feat-v2 --feat-k 200 --te p,pc,ph,b,pi --te-k 50 --te-dev --feat-std --std-k 80 --std-to-prior --std-season-prior --feat-domain --feat-skill-pc --lr 0.01 --iters 3000 --es 500 --l2 10 --border-count 254 --loss Logloss --eval-metric Logloss --refit-mult 1.5 --drop-f-pre 2022 --max-train-season 2024 --val-season 2023 --test-season 2024 --p1 --row-filter strikes_before == 2 --depth 8 --seeds 3,4,5,6,8,13 --tag TS2_base
2026-08-13 21:54	DESKTOP-053T952	TS2_base_s5	cat	2023	2024	5	369	534.12	599.82	--model cat --feat-v2 --feat-k 200 --te p,pc,ph,b,pi --te-k 50 --te-dev --feat-std --std-k 80 --std-to-prior --std-season-prior --feat-domain --feat-skill-pc --lr 0.01 --iters 3000 --es 500 --l2 10 --border-count 254 --loss Logloss --eval-metric Logloss --refit-mult 1.5 --drop-f-pre 2022 --max-train-season 2024 --val-season 2023 --test-season 2024 --p1 --row-filter strikes_before == 2 --depth 8 --seeds 3,4,5,6,8,13 --tag TS2_base
2026-08-13 21:54	DESKTOP-053T952	TS2_base_s6	cat	2023	2024	6	424	533.63	591.49	--model cat --feat-v2 --feat-k 200 --te p,pc,ph,b,pi --te-k 50 --te-dev --feat-std --std-k 80 --std-to-prior --std-season-prior --feat-domain --feat-skill-pc --lr 0.01 --iters 3000 --es 500 --l2 10 --border-count 254 --loss Logloss --eval-metric Logloss --refit-mult 1.5 --drop-f-pre 2022 --max-train-season 2024 --val-season 2023 --test-season 2024 --p1 --row-filter strikes_before == 2 --depth 8 --seeds 3,4,5,6,8,13 --tag TS2_base
2026-08-13 21:55	DESKTOP-053T952	TS2_base_s8	cat	2023	2024	8	397	523.88	610.84	--model cat --feat-v2 --feat-k 200 --te p,pc,ph,b,pi --te-k 50 --te-dev --feat-std --std-k 80 --std-to-prior --std-season-prior --feat-domain --feat-skill-pc --lr 0.01 --iters 3000 --es 500 --l2 10 --border-count 254 --loss Logloss --eval-metric Logloss --refit-mult 1.5 --drop-f-pre 2022 --max-train-season 2024 --val-season 2023 --test-season 2024 --p1 --row-filter strikes_before == 2 --depth 8 --seeds 3,4,5,6,8,13 --tag TS2_base
2026-08-13 21:56	DESKTOP-053T952	TS2_base_s13	cat	2023	2024	13	392	535.78	603.83	--model cat --feat-v2 --feat-k 200 --te p,pc,ph,b,pi --te-k 50 --te-dev --feat-std --std-k 80 --std-to-prior --std-season-prior --feat-domain --feat-skill-pc --lr 0.01 --iters 3000 --es 500 --l2 10 --border-count 254 --loss Logloss --eval-metric Logloss --refit-mult 1.5 --drop-f-pre 2022 --max-train-season 2024 --val-season 2023 --test-season 2024 --p1 --row-filter strikes_before == 2 --depth 8 --seeds 3,4,5,6,8,13 --tag TS2_base
2026-08-13 21:58	DESKTOP-053T952	TS2_cell_s3	cat	2023	2024	3	1370	530.62	632.40	--model cat --feat-v2 --feat-k 200 --te p,pc,ph,b,pi --te-k 50 --te-dev --feat-std --std-k 80 --std-to-prior --std-season-prior --feat-domain --feat-skill-pc --lr 0.01 --iters 3000 --es 500 --l2 10 --border-count 254 --loss Logloss --eval-metric Logloss --refit-mult 1.5 --drop-f-pre 2022 --max-train-season 2024 --val-season 2023 --test-season 2024 --p1 --row-filter strikes_before == 2 --depth 5 --failmode-cells --fm-modes middle,ball,reverse --fm-min-share 0.005 --seeds 3,4,5,6,8,13 --tag TS2_cell
2026-08-13 21:59	DESKTOP-053T952	TS2_cell_s4	cat	2023	2024	4	1675	531.90	653.85	--model cat --feat-v2 --feat-k 200 --te p,pc,ph,b,pi --te-k 50 --te-dev --feat-std --std-k 80 --std-to-prior --std-season-prior --feat-domain --feat-skill-pc --lr 0.01 --iters 3000 --es 500 --l2 10 --border-count 254 --loss Logloss --eval-metric Logloss --refit-mult 1.5 --drop-f-pre 2022 --max-train-season 2024 --val-season 2023 --test-season 2024 --p1 --row-filter strikes_before == 2 --depth 5 --failmode-cells --fm-modes middle,ball,reverse --fm-min-share 0.005 --seeds 3,4,5,6,8,13 --tag TS2_cell
2026-08-13 22:00	DESKTOP-053T952	TS2_cell_s5	cat	2023	2024	5	1350	536.67	642.23	--model cat --feat-v2 --feat-k 200 --te p,pc,ph,b,pi --te-k 50 --te-dev --feat-std --std-k 80 --std-to-prior --std-season-prior --feat-domain --feat-skill-pc --lr 0.01 --iters 3000 --es 500 --l2 10 --border-count 254 --loss Logloss --eval-metric Logloss --refit-mult 1.5 --drop-f-pre 2022 --max-train-season 2024 --val-season 2023 --test-season 2024 --p1 --row-filter strikes_before == 2 --depth 5 --failmode-cells --fm-modes middle,ball,reverse --fm-min-share 0.005 --seeds 3,4,5,6,8,13 --tag TS2_cell
2026-08-13 22:01	DESKTOP-053T952	TS2_cell_s6	cat	2023	2024	6	1070	532.65	642.58	--model cat --feat-v2 --feat-k 200 --te p,pc,ph,b,pi --te-k 50 --te-dev --feat-std --std-k 80 --std-to-prior --std-season-prior --feat-domain --feat-skill-pc --lr 0.01 --iters 3000 --es 500 --l2 10 --border-count 254 --loss Logloss --eval-metric Logloss --refit-mult 1.5 --drop-f-pre 2022 --max-train-season 2024 --val-season 2023 --test-season 2024 --p1 --row-filter strikes_before == 2 --depth 5 --failmode-cells --fm-modes middle,ball,reverse --fm-min-share 0.005 --seeds 3,4,5,6,8,13 --tag TS2_cell
2026-08-13 22:02	DESKTOP-053T952	TS2_cell_s8	cat	2023	2024	8	1588	538.38	652.17	--model cat --feat-v2 --feat-k 200 --te p,pc,ph,b,pi --te-k 50 --te-dev --feat-std --std-k 80 --std-to-prior --std-season-prior --feat-domain --feat-skill-pc --lr 0.01 --iters 3000 --es 500 --l2 10 --border-count 254 --loss Logloss --eval-metric Logloss --refit-mult 1.5 --drop-f-pre 2022 --max-train-season 2024 --val-season 2023 --test-season 2024 --p1 --row-filter strikes_before == 2 --depth 5 --failmode-cells --fm-modes middle,ball,reverse --fm-min-share 0.005 --seeds 3,4,5,6,8,13 --tag TS2_cell
2026-08-13 22:03	DESKTOP-053T952	TS2_cell_s13	cat	2023	2024	13	1455	525.15	624.36	--model cat --feat-v2 --feat-k 200 --te p,pc,ph,b,pi --te-k 50 --te-dev --feat-std --std-k 80 --std-to-prior --std-season-prior --feat-domain --feat-skill-pc --lr 0.01 --iters 3000 --es 500 --l2 10 --border-count 254 --loss Logloss --eval-metric Logloss --refit-mult 1.5 --drop-f-pre 2022 --max-train-season 2024 --val-season 2023 --test-season 2024 --p1 --row-filter strikes_before == 2 --depth 5 --failmode-cells --fm-modes middle,ball,reverse --fm-min-share 0.005 --seeds 3,4,5,6,8,13 --tag TS2_cell
2026-08-14 19:02	DESKTOP-053T952	NOISE12_cell_s3	cat	2024		3	2994	910.62	nan	--model cat --feat-v2 --feat-k 200 --te p,pc,ph,b,pi --te-k 50 --te-dev --feat-std --std-k 80 --std-to-prior --std-season-prior --feat-domain --feat-skill-pc --lr 0.01 --iters 3000 --es 500 --l2 10 --border-count 254 --loss Logloss --eval-metric Logloss --refit-mult 1.5 --val-season 2024 --p1 --fm-noise-rate 0.03873 --depth 5 --failmode-cells --fm-modes middle,ball,reverse --fm-min-share 0.005 --seeds 3,4,5,6,8,13 --tag NOISE12_cell
2026-08-14 19:07	DESKTOP-053T952	NOISE12_cell_s4	cat	2024		4	2979	910.03	nan	--model cat --feat-v2 --feat-k 200 --te p,pc,ph,b,pi --te-k 50 --te-dev --feat-std --std-k 80 --std-to-prior --std-season-prior --feat-domain --feat-skill-pc --lr 0.01 --iters 3000 --es 500 --l2 10 --border-count 254 --loss Logloss --eval-metric Logloss --refit-mult 1.5 --val-season 2024 --p1 --fm-noise-rate 0.03873 --depth 5 --failmode-cells --fm-modes middle,ball,reverse --fm-min-share 0.005 --seeds 3,4,5,6,8,13 --tag NOISE12_cell
2026-08-14 19:13	DESKTOP-053T952	NOISE12_cell_s5	cat	2024		5	2997	910.69	nan	--model cat --feat-v2 --feat-k 200 --te p,pc,ph,b,pi --te-k 50 --te-dev --feat-std --std-k 80 --std-to-prior --std-season-prior --feat-domain --feat-skill-pc --lr 0.01 --iters 3000 --es 500 --l2 10 --border-count 254 --loss Logloss --eval-metric Logloss --refit-mult 1.5 --val-season 2024 --p1 --fm-noise-rate 0.03873 --depth 5 --failmode-cells --fm-modes middle,ball,reverse --fm-min-share 0.005 --seeds 3,4,5,6,8,13 --tag NOISE12_cell
2026-08-14 19:18	DESKTOP-053T952	NOISE12_cell_s6	cat	2024		6	2997	916.39	nan	--model cat --feat-v2 --feat-k 200 --te p,pc,ph,b,pi --te-k 50 --te-dev --feat-std --std-k 80 --std-to-prior --std-season-prior --feat-domain --feat-skill-pc --lr 0.01 --iters 3000 --es 500 --l2 10 --border-count 254 --loss Logloss --eval-metric Logloss --refit-mult 1.5 --val-season 2024 --p1 --fm-noise-rate 0.03873 --depth 5 --failmode-cells --fm-modes middle,ball,reverse --fm-min-share 0.005 --seeds 3,4,5,6,8,13 --tag NOISE12_cell
2026-08-14 19:23	DESKTOP-053T952	NOISE12_cell_s8	cat	2024		8	2990	915.65	nan	--model cat --feat-v2 --feat-k 200 --te p,pc,ph,b,pi --te-k 50 --te-dev --feat-std --std-k 80 --std-to-prior --std-season-prior --feat-domain --feat-skill-pc --lr 0.01 --iters 3000 --es 500 --l2 10 --border-count 254 --loss Logloss --eval-metric Logloss --refit-mult 1.5 --val-season 2024 --p1 --fm-noise-rate 0.03873 --depth 5 --failmode-cells --fm-modes middle,ball,reverse --fm-min-share 0.005 --seeds 3,4,5,6,8,13 --tag NOISE12_cell
2026-08-14 19:28	DESKTOP-053T952	NOISE12_cell_s13	cat	2024		13	2996	915.98	nan	--model cat --feat-v2 --feat-k 200 --te p,pc,ph,b,pi --te-k 50 --te-dev --feat-std --std-k 80 --std-to-prior --std-season-prior --feat-domain --feat-skill-pc --lr 0.01 --iters 3000 --es 500 --l2 10 --border-count 254 --loss Logloss --eval-metric Logloss --refit-mult 1.5 --val-season 2024 --p1 --fm-noise-rate 0.03873 --depth 5 --failmode-cells --fm-modes middle,ball,reverse --fm-min-share 0.005 --seeds 3,4,5,6,8,13 --tag NOISE12_cell
2026-08-14 19:34	DESKTOP-053T952	NULLC_cell_s3	cat	2024		3	2990	921.51	nan	--model cat --feat-v2 --feat-k 200 --te p,pc,ph,b,pi --te-k 50 --te-dev --feat-std --std-k 80 --std-to-prior --std-season-prior --feat-domain --feat-skill-pc --lr 0.01 --iters 3000 --es 500 --l2 10 --border-count 254 --loss Logloss --eval-metric Logloss --refit-mult 1.5 --val-season 2024 --p1 --depth 5 --failmode-cells --fm-modes middle,ball,reverse --fm-min-share 0.005 --seeds 3,4,5,6,8,13 --tag NULLC_cell
2026-08-14 19:40	DESKTOP-053T952	NULLC_cell_s4	cat	2024		4	2999	910.23	nan	--model cat --feat-v2 --feat-k 200 --te p,pc,ph,b,pi --te-k 50 --te-dev --feat-std --std-k 80 --std-to-prior --std-season-prior --feat-domain --feat-skill-pc --lr 0.01 --iters 3000 --es 500 --l2 10 --border-count 254 --loss Logloss --eval-metric Logloss --refit-mult 1.5 --val-season 2024 --p1 --depth 5 --failmode-cells --fm-modes middle,ball,reverse --fm-min-share 0.005 --seeds 3,4,5,6,8,13 --tag NULLC_cell
2026-08-14 19:45	DESKTOP-053T952	NULLC_cell_s5	cat	2024		5	2998	908.92	nan	--model cat --feat-v2 --feat-k 200 --te p,pc,ph,b,pi --te-k 50 --te-dev --feat-std --std-k 80 --std-to-prior --std-season-prior --feat-domain --feat-skill-pc --lr 0.01 --iters 3000 --es 500 --l2 10 --border-count 254 --loss Logloss --eval-metric Logloss --refit-mult 1.5 --val-season 2024 --p1 --depth 5 --failmode-cells --fm-modes middle,ball,reverse --fm-min-share 0.005 --seeds 3,4,5,6,8,13 --tag NULLC_cell
2026-08-14 19:51	DESKTOP-053T952	NULLC_cell_s6	cat	2024		6	2997	911.28	nan	--model cat --feat-v2 --feat-k 200 --te p,pc,ph,b,pi --te-k 50 --te-dev --feat-std --std-k 80 --std-to-prior --std-season-prior --feat-domain --feat-skill-pc --lr 0.01 --iters 3000 --es 500 --l2 10 --border-count 254 --loss Logloss --eval-metric Logloss --refit-mult 1.5 --val-season 2024 --p1 --depth 5 --failmode-cells --fm-modes middle,ball,reverse --fm-min-share 0.005 --seeds 3,4,5,6,8,13 --tag NULLC_cell
2026-08-14 19:57	DESKTOP-053T952	NULLC_cell_s8	cat	2024		8	2994	917.05	nan	--model cat --feat-v2 --feat-k 200 --te p,pc,ph,b,pi --te-k 50 --te-dev --feat-std --std-k 80 --std-to-prior --std-season-prior --feat-domain --feat-skill-pc --lr 0.01 --iters 3000 --es 500 --l2 10 --border-count 254 --loss Logloss --eval-metric Logloss --refit-mult 1.5 --val-season 2024 --p1 --depth 5 --failmode-cells --fm-modes middle,ball,reverse --fm-min-share 0.005 --seeds 3,4,5,6,8,13 --tag NULLC_cell
2026-08-14 20:03	DESKTOP-053T952	NULLC_cell_s13	cat	2024		13	2986	919.29	nan	--model cat --feat-v2 --feat-k 200 --te p,pc,ph,b,pi --te-k 50 --te-dev --feat-std --std-k 80 --std-to-prior --std-season-prior --feat-domain --feat-skill-pc --lr 0.01 --iters 3000 --es 500 --l2 10 --border-count 254 --loss Logloss --eval-metric Logloss --refit-mult 1.5 --val-season 2024 --p1 --depth 5 --failmode-cells --fm-modes middle,ball,reverse --fm-min-share 0.005 --seeds 3,4,5,6,8,13 --tag NULLC_cell
2026-08-14 20:13	DESKTOP-053T952	CTRL_base_s3	cat	2024		3	1142	910.10	nan	--model cat --feat-v2 --feat-k 200 --te p,pc,ph,b,pi --te-k 50 --te-dev --feat-std --std-k 80 --std-to-prior --std-season-prior --feat-domain --feat-skill-pc --lr 0.01 --iters 3000 --es 500 --l2 10 --border-count 254 --loss Logloss --eval-metric Logloss --refit-mult 1.5 --val-season 2024 --p1 --depth 8 --seeds 3,4,5,6,8,13 --tag CTRL_base
2026-08-14 20:16	DESKTOP-053T952	CTRL_base_s4	cat	2024		4	1169	910.70	nan	--model cat --feat-v2 --feat-k 200 --te p,pc,ph,b,pi --te-k 50 --te-dev --feat-std --std-k 80 --std-to-prior --std-season-prior --feat-domain --feat-skill-pc --lr 0.01 --iters 3000 --es 500 --l2 10 --border-count 254 --loss Logloss --eval-metric Logloss --refit-mult 1.5 --val-season 2024 --p1 --depth 8 --seeds 3,4,5,6,8,13 --tag CTRL_base
2026-08-14 20:20	DESKTOP-053T952	CTRL_base_s5	cat	2024		5	1714	916.04	nan	--model cat --feat-v2 --feat-k 200 --te p,pc,ph,b,pi --te-k 50 --te-dev --feat-std --std-k 80 --std-to-prior --std-season-prior --feat-domain --feat-skill-pc --lr 0.01 --iters 3000 --es 500 --l2 10 --border-count 254 --loss Logloss --eval-metric Logloss --refit-mult 1.5 --val-season 2024 --p1 --depth 8 --seeds 3,4,5,6,8,13 --tag CTRL_base
2026-08-14 20:23	DESKTOP-053T952	CTRL_base_s6	cat	2024		6	1438	913.86	nan	--model cat --feat-v2 --feat-k 200 --te p,pc,ph,b,pi --te-k 50 --te-dev --feat-std --std-k 80 --std-to-prior --std-season-prior --feat-domain --feat-skill-pc --lr 0.01 --iters 3000 --es 500 --l2 10 --border-count 254 --loss Logloss --eval-metric Logloss --refit-mult 1.5 --val-season 2024 --p1 --depth 8 --seeds 3,4,5,6,8,13 --tag CTRL_base
2026-08-14 20:26	DESKTOP-053T952	CTRL_base_s8	cat	2024		8	938	916.18	nan	--model cat --feat-v2 --feat-k 200 --te p,pc,ph,b,pi --te-k 50 --te-dev --feat-std --std-k 80 --std-to-prior --std-season-prior --feat-domain --feat-skill-pc --lr 0.01 --iters 3000 --es 500 --l2 10 --border-count 254 --loss Logloss --eval-metric Logloss --refit-mult 1.5 --val-season 2024 --p1 --depth 8 --seeds 3,4,5,6,8,13 --tag CTRL_base
2026-08-14 20:30	DESKTOP-053T952	CTRL_base_s13	cat	2024		13	1500	917.94	nan	--model cat --feat-v2 --feat-k 200 --te p,pc,ph,b,pi --te-k 50 --te-dev --feat-std --std-k 80 --std-to-prior --std-season-prior --feat-domain --feat-skill-pc --lr 0.01 --iters 3000 --es 500 --l2 10 --border-count 254 --loss Logloss --eval-metric Logloss --refit-mult 1.5 --val-season 2024 --p1 --depth 8 --seeds 3,4,5,6,8,13 --tag CTRL_base
2026-08-14 20:33	DESKTOP-053T952	CTR3_base_s3	cat	2024		3	1140	909.11	nan	--model cat --feat-v2 --feat-k 200 --te p,pc,ph,b,pi --te-k 50 --te-dev --feat-std --std-k 80 --std-to-prior --std-season-prior --feat-domain --feat-skill-pc --lr 0.01 --iters 3000 --es 500 --l2 10 --border-count 254 --loss Logloss --eval-metric Logloss --refit-mult 1.5 --val-season 2024 --p1 --max-ctr-complexity 3 --depth 8 --seeds 3,4,5,6,8,13 --tag CTR3_base
2026-08-14 20:36	DESKTOP-053T952	CTR3_base_s4	cat	2024		4	1025	913.62	nan	--model cat --feat-v2 --feat-k 200 --te p,pc,ph,b,pi --te-k 50 --te-dev --feat-std --std-k 80 --std-to-prior --std-season-prior --feat-domain --feat-skill-pc --lr 0.01 --iters 3000 --es 500 --l2 10 --border-count 254 --loss Logloss --eval-metric Logloss --refit-mult 1.5 --val-season 2024 --p1 --max-ctr-complexity 3 --depth 8 --seeds 3,4,5,6,8,13 --tag CTR3_base
2026-08-14 20:41	DESKTOP-053T952	CTR3_base_s5	cat	2024		5	1714	912.77	nan	--model cat --feat-v2 --feat-k 200 --te p,pc,ph,b,pi --te-k 50 --te-dev --feat-std --std-k 80 --std-to-prior --std-season-prior --feat-domain --feat-skill-pc --lr 0.01 --iters 3000 --es 500 --l2 10 --border-count 254 --loss Logloss --eval-metric Logloss --refit-mult 1.5 --val-season 2024 --p1 --max-ctr-complexity 3 --depth 8 --seeds 3,4,5,6,8,13 --tag CTR3_base
2026-08-14 20:45	DESKTOP-053T952	CTR3_base_s6	cat	2024		6	1426	912.79	nan	--model cat --feat-v2 --feat-k 200 --te p,pc,ph,b,pi --te-k 50 --te-dev --feat-std --std-k 80 --std-to-prior --std-season-prior --feat-domain --feat-skill-pc --lr 0.01 --iters 3000 --es 500 --l2 10 --border-count 254 --loss Logloss --eval-metric Logloss --refit-mult 1.5 --val-season 2024 --p1 --max-ctr-complexity 3 --depth 8 --seeds 3,4,5,6,8,13 --tag CTR3_base
2026-08-14 20:48	DESKTOP-053T952	CTR3_base_s8	cat	2024		8	1028	916.79	nan	--model cat --feat-v2 --feat-k 200 --te p,pc,ph,b,pi --te-k 50 --te-dev --feat-std --std-k 80 --std-to-prior --std-season-prior --feat-domain --feat-skill-pc --lr 0.01 --iters 3000 --es 500 --l2 10 --border-count 254 --loss Logloss --eval-metric Logloss --refit-mult 1.5 --val-season 2024 --p1 --max-ctr-complexity 3 --depth 8 --seeds 3,4,5,6,8,13 --tag CTR3_base
2026-08-14 20:52	DESKTOP-053T952	CTR3_base_s13	cat	2024		13	1488	918.88	nan	--model cat --feat-v2 --feat-k 200 --te p,pc,ph,b,pi --te-k 50 --te-dev --feat-std --std-k 80 --std-to-prior --std-season-prior --feat-domain --feat-skill-pc --lr 0.01 --iters 3000 --es 500 --l2 10 --border-count 254 --loss Logloss --eval-metric Logloss --refit-mult 1.5 --val-season 2024 --p1 --max-ctr-complexity 3 --depth 8 --seeds 3,4,5,6,8,13 --tag CTR3_base
2026-08-14 21:00	DESKTOP-053T952	CTR3_cell_s3	cat	2024		3	2991	921.61	nan	--model cat --feat-v2 --feat-k 200 --te p,pc,ph,b,pi --te-k 50 --te-dev --feat-std --std-k 80 --std-to-prior --std-season-prior --feat-domain --feat-skill-pc --lr 0.01 --iters 3000 --es 500 --l2 10 --border-count 254 --loss Logloss --eval-metric Logloss --refit-mult 1.5 --val-season 2024 --p1 --max-ctr-complexity 3 --depth 5 --failmode-cells --fm-modes middle,ball,reverse --fm-min-share 0.005 --seeds 3,4,5,6,8,13 --tag CTR3_cell
2026-08-14 21:06	DESKTOP-053T952	CTR3_cell_s4	cat	2024		4	2999	910.23	nan	--model cat --feat-v2 --feat-k 200 --te p,pc,ph,b,pi --te-k 50 --te-dev --feat-std --std-k 80 --std-to-prior --std-season-prior --feat-domain --feat-skill-pc --lr 0.01 --iters 3000 --es 500 --l2 10 --border-count 254 --loss Logloss --eval-metric Logloss --refit-mult 1.5 --val-season 2024 --p1 --max-ctr-complexity 3 --depth 5 --failmode-cells --fm-modes middle,ball,reverse --fm-min-share 0.005 --seeds 3,4,5,6,8,13 --tag CTR3_cell
2026-08-14 21:21	DESKTOP-053T952	CTR3C_cell_s3	cat	2024		3	2999	921.41	nan	--model cat --feat-v2 --feat-k 200 --te p,pc,ph,b,pi --te-k 50 --te-dev --feat-std --std-k 80 --std-to-prior --std-season-prior --feat-domain --feat-skill-pc --lr 0.01 --iters 3000 --es 500 --l2 10 --border-count 254 --loss Logloss --eval-metric Logloss --refit-mult 1.5 --val-season 2024 --p1 --max-ctr-complexity 3 --depth 5 --failmode-cells --fm-modes middle,ball,reverse --fm-min-share 0.005 --seeds 3,4,5,6,8,13 --tag CTR3C_cell
2026-08-14 21:28	DESKTOP-053T952	CTR3C_cell_s4	cat	2024		4	2999	910.23	nan	--model cat --feat-v2 --feat-k 200 --te p,pc,ph,b,pi --te-k 50 --te-dev --feat-std --std-k 80 --std-to-prior --std-season-prior --feat-domain --feat-skill-pc --lr 0.01 --iters 3000 --es 500 --l2 10 --border-count 254 --loss Logloss --eval-metric Logloss --refit-mult 1.5 --val-season 2024 --p1 --max-ctr-complexity 3 --depth 5 --failmode-cells --fm-modes middle,ball,reverse --fm-min-share 0.005 --seeds 3,4,5,6,8,13 --tag CTR3C_cell
2026-08-14 21:35	DESKTOP-053T952	CTR3C_cell_s5	cat	2024		5	2999	908.17	nan	--model cat --feat-v2 --feat-k 200 --te p,pc,ph,b,pi --te-k 50 --te-dev --feat-std --std-k 80 --std-to-prior --std-season-prior --feat-domain --feat-skill-pc --lr 0.01 --iters 3000 --es 500 --l2 10 --border-count 254 --loss Logloss --eval-metric Logloss --refit-mult 1.5 --val-season 2024 --p1 --max-ctr-complexity 3 --depth 5 --failmode-cells --fm-modes middle,ball,reverse --fm-min-share 0.005 --seeds 3,4,5,6,8,13 --tag CTR3C_cell
2026-08-14 21:42	DESKTOP-053T952	CTR3C_cell_s6	cat	2024		6	2997	911.28	nan	--model cat --feat-v2 --feat-k 200 --te p,pc,ph,b,pi --te-k 50 --te-dev --feat-std --std-k 80 --std-to-prior --std-season-prior --feat-domain --feat-skill-pc --lr 0.01 --iters 3000 --es 500 --l2 10 --border-count 254 --loss Logloss --eval-metric Logloss --refit-mult 1.5 --val-season 2024 --p1 --max-ctr-complexity 3 --depth 5 --failmode-cells --fm-modes middle,ball,reverse --fm-min-share 0.005 --seeds 3,4,5,6,8,13 --tag CTR3C_cell
2026-08-14 21:48	DESKTOP-053T952	CTR3C_cell_s8	cat	2024		8	2994	916.61	nan	--model cat --feat-v2 --feat-k 200 --te p,pc,ph,b,pi --te-k 50 --te-dev --feat-std --std-k 80 --std-to-prior --std-season-prior --feat-domain --feat-skill-pc --lr 0.01 --iters 3000 --es 500 --l2 10 --border-count 254 --loss Logloss --eval-metric Logloss --refit-mult 1.5 --val-season 2024 --p1 --max-ctr-complexity 3 --depth 5 --failmode-cells --fm-modes middle,ball,reverse --fm-min-share 0.005 --seeds 3,4,5,6,8,13 --tag CTR3C_cell
2026-08-14 21:54	DESKTOP-053T952	CTR3C_cell_s13	cat	2024		13	2985	919.28	nan	--model cat --feat-v2 --feat-k 200 --te p,pc,ph,b,pi --te-k 50 --te-dev --feat-std --std-k 80 --std-to-prior --std-season-prior --feat-domain --feat-skill-pc --lr 0.01 --iters 3000 --es 500 --l2 10 --border-count 254 --loss Logloss --eval-metric Logloss --refit-mult 1.5 --val-season 2024 --p1 --max-ctr-complexity 3 --depth 5 --failmode-cells --fm-modes middle,ball,reverse --fm-min-share 0.005 --seeds 3,4,5,6,8,13 --tag CTR3C_cell
